,0
0,AAMC
1,AAU
2,ACU
3,ACY
4,AE
5,AEF
6,AINC
7,AIRI
8,AKG
9,ALN
10,ALO
11,AMBO
12,AMPE
13,AMS
14,APHB
15,APT
16,ARNC.P
17,ASM
18,AST
19,ATEST
20,ATNM
21,AUG
22,AUMN
23,AWX
24,AXU
25,BCV
26,BCV.PA
27,BDL
28,BDR
29,BGI
30,BGSF
31,BHB
32,BKJ
33,BKTI
34,BPMX
35,BRG
36,BRG.PA
37,BRG.PC
38,BRG.PD
39,BRN
40,BTG
41,BTN
42,BTX
43,BVX
44,CANF
45,CAW
46,CCA
47,CCF
48,CDOR
49,CEI
50,CET
51,CEV
52,CIK
53,CIX
54,CKX
55,CLM
56,CMCL
57,CMT
58,COHN
59,CPHI
60,CQH
61,CQP
62,CRF
63,CRHM
64,CRMD
65,CTEK
66,CTO
67,CUO
68,CVM
69,CVR
70,CVRS
71,CVU
72,DGSE
73,DHY
74,DIT
75,DLA
76,DMF
77,DNN
78,DPW
79,DSS
80,DXF
81,DXR
82,EAD
83,ECF
84,ECF.PA
85,EGI
86,EIA
87,EIM
88,EIO
89,EIP
90,EIV
91,ELLO
92,ELMD
93,EMAN
94,EMI
95,EMJ
96,EMX
97,ENSV
98,ENX
99,EPM
100,ERC
101,ERH
102,ESNC
103,ESP
104,EVBN
105,EVI
106,EVJ
107,EVM
108,EVO
109,EVP
110,EVV
111,EVY
112,FAX
113,FCO
114,FEN
115,FRD
116,FSI
117,FSP
118,FTF
119,FTNW
120,GBR
121,GDP
122,GGN
123,GGN.PB
124,GGO
125,GGO.PA
126,GLF
127,GLO
128,GLOW
129,GLQ
130,GLU
131,GLU.PA
132,GLV
133,GMO
134,GORO
135,GPL
136,GRF
137,GSAT
138,GSB
139,GSS
140,GST
141,GST.PA
142,GST.PB
143,GSV
144,GTE
145,GV
146,HCAC
147,HEB
148,HLM.P
149,HLTH
150,HMG
151,HNW
152,HUSA
153,IAF
154,IBIO
155,IBO
156,IDN
157,IEC
158,IGC
159,IHT
160,IMH
161,IMO
162,IMUC
163,INFU
164,INS
165,INTT
166,INUV
167,IOR
168,IPB
169,ISDR
170,ISR
171,JOB
172,KIQ
173,KLDX
174,LBY
175,LEU
176,LEVB
177,LGL
178,LIQT
179,LLEX
180,LNG
181,LODE
182,LOV
183,LTS
184,LTS.PA
185,LTSF
186,LTSL
187,MAB
188,MAG
189,MCF
190,MHH
191,MICR
192,MIW
193,MJCO
194,MLSS
195,MMV
196,MNI
197,MOC
198,MSN
199,MTNB
200,MXC
201,MYO
202,NAK
203,NAVB
204,NBH
205,NBO
206,NBW
207,NBY
208,NEN
209,NES
210,NG
211,NGD
212,NHC
213,NHS
214,NML
215,NNVC
216,NOG
217,NRO
218,NSPR
219,NSU
220,NTIP
221,NTN
222,NXE
223,NYH
224,OCX
225,OGEN
226,ONP
227,ORM
228,PCG.PA
229,PCG.PB
230,PCG.PC
231,PCG.PD
232,PCG.PE
233,PCG.PG
234,PCG.PH
235,PCG.PI
236,PED
237,PFNX
238,PLG
239,PLM
240,PLX
241,PLYM
242,PLYM.PA
243,PRK
244,PTN
245,PW
246,PW.PA
247,PZG
248,RCG
249,REED
250,REI
251,RFL
252,RHE
253,RHE.PA
254,RIF
255,RLGT
256,RLGT.PA
257,RNN
258,ROX
259,RVP
260,SACH
261,SAND
262,SCE.PB
263,SCE.PC
264,SCE.PD
265,SCE.PE
266,SDI
267,SDPI
268,SEB
269,SENS
270,SGA
271,SGB
272,SIF
273,SIM
274,SMTS
275,SNMP
276,SRCI
277,SSY
278,SVM
279,SVT
280,SYN
281,TAT
282,TEUM
283,TGB
284,TGC
285,THM
286,TIK
287,TIS
288,TKAT
289,TMP
290,TMQ
291,TPHS
292,TRT
293,TRX
294,TRXC
295,UAMY
296,UAVS
297,UEC
298,UFAB
299,UQM
300,URG
301,USAS
302,UTG
303,UUU
304,UUUU
305,UWN
306,VCF
307,VFL
308,VGZ
309,VHC
310,VISI
311,VKI
312,VMM
313,VNRX
314,WRN
315,WTT
316,WYY
317,XPL
318,XTNT
319,XXII
320,YUMA
321,ZDGE
322,ZOM
323,AABA
324,AAL
325,AAME
326,AAOI
327,AAON
328,AAPL
329,AAWW
330,AAXJ
331,AAXN
332,ABAC
333,ABAX
334,ABCB
335,ABCD
336,ABDC
337,ABEO
338,ABEOW
339,ABIL
340,ABIO
341,ABMD
342,ABTX
343,ABUS
344,ACAD
345,ACBI
346,ACER
347,ACET
348,ACGL
349,ACGLO
350,ACGLP
351,ACHC
352,ACHN
353,ACHV
354,ACIA
355,ACIU
356,ACIW
357,ACLS
358,ACMR
359,ACNB
360,ACOR
361,ACRS
362,ACRX
363,ACSF
364,ACST
365,ACT
366,ACTG
367,ACWI
368,ACWX
369,ACXM
370,ADAP
371,ADBE
372,ADES
373,ADI
374,ADMA
375,ADMP
376,ADMS
377,ADOM
378,ADP
379,ADRA
380,ADRD
381,ADRE
382,ADRO
383,ADRU
384,ADSK
385,ADTN
386,ADUS
387,ADVM
388,ADXS
389,ADXSW
390,AEGN
391,AEHR
392,AEIS
393,AEMD
394,AERI
395,AETI
396,AEY
397,AEZS
398,AFH
399,AFHBL
400,AFMD
401,AFSI
402,AGEN
403,AGFS
404,AGFSW
405,AGIO
406,AGLE
407,AGMH
408,AGNC
409,AGNCB
410,AGNCN
411,AGND
412,AGRX
413,AGTC
414,AGYS
415,AGZD
416,AHPA
417,AHPAU
418,AHPAW
419,AHPI
420,AIA
421,AIHS
422,AIMC
423,AIMT
424,AINV
425,AIPT
426,AIQ
427,AIRG
428,AIRR
429,AIRT
430,AKAM
431,AKAO
432,AKBA
433,AKCA
434,AKER
435,AKRX
436,AKTS
437,AKTX
438,ALBO
439,ALCO
440,ALDR
441,ALDX
442,ALGN
443,ALGRU
444,ALGT
445,ALIM
446,ALJJ
447,ALKS
448,ALLT
449,ALNA
450,ALNY
451,ALOT
452,ALPN
453,ALQA
454,ALRM
455,ALRN
456,ALSK
457,ALT
458,ALTR
459,ALTY
460,ALXN
461,AMAG
462,AMAT
463,AMBA
464,AMBC
465,AMBCW
466,AMCA
467,AMCN
468,AMCX
469,AMD
470,AMDA
471,AMED
472,AMEH
473,AMGN
474,AMKR
475,AMMA
476,AMNB
477,AMOT
478,AMOV
479,AMPH
480,AMR
481,AMRB
482,AMRH
483,AMRHW
484,AMRK
485,AMRN
486,AMRS
487,AMRWW
488,AMSC
489,AMSF
490,AMSWA
491,AMTD
492,AMTX
493,AMWD
494,AMZN
495,ANAB
496,ANAT
497,ANCB
498,ANCX
499,ANDE
500,ANGI
501,ANGO
502,ANIK
503,ANIP
504,ANSS
505,ANY
506,AOBC
507,AOSL
508,APDN
509,APDNW
510,APEI
511,APEN
512,APLS
513,APOG
514,APOP
515,APOPW
516,APPF
517,APPN
518,APPS
519,APRI
520,APTI
521,APTO
522,APTX
523,APVO
524,APWC
525,AQB
526,AQMS
527,AQXP
528,ARAY
529,ARCB
530,ARCC
531,ARCI
532,ARCT
533,ARCW
534,ARDM
535,ARDX
536,AREX
537,ARGX
538,ARII
539,ARKR
540,ARLP
541,ARLZ
542,ARNA
543,AROW
544,ARPO
545,ARQL
546,ARRS
547,ARRY
548,ARTNA
549,ARTW
550,ARTX
551,ARWR
552,ASCMA
553,ASET
554,ASFI
555,ASLN
556,ASMB
557,ASML
558,ASNA
559,ASND
560,ASNS
561,ASPS
562,ASPU
563,ASRV
564,ASRVP
565,ASTC
566,ASTE
567,ASUR
568,ASV
569,ASYS
570,ATAC
571,ATACR
572,ATACU
573,ATAI
574,ATAX
575,ATEC
576,ATHN
577,ATHX
578,ATIS
579,ATISW
580,ATLC
581,ATLO
582,ATNI
583,ATNX
584,ATOM
585,ATOS
586,ATRA
587,ATRC
588,ATRI
589,ATRO
590,ATRS
591,ATSG
592,ATTU
593,ATVI
594,ATXI
595,AUBN
596,AUDC
597,AUPH
598,AUTL
599,AUTO
600,AVAV
601,AVDL
602,AVEO
603,AVGO
604,AVGR
605,AVHI
606,AVID
607,AVNW
608,AVRO
609,AVT
610,AVXL
611,AWRE
612,AWSM
613,AXAS
614,AXDX
615,AXGN
616,AXON
617,AXSM
618,AXTI
619,AY
620,AYTU
621,AZPN
622,AZRX
623,BABY
624,BAND
625,BANF
626,BANFP
627,BANR
628,BANX
629,BASI
630,BATRA
631,BATRK
632,BBBY
633,BBC
634,BBGI
635,BBH
636,BBOX
637,BBP
638,BBSI
639,BCAC
640,BCACR
641,BCACU
642,BCACW
643,BCBP
644,BCLI
645,BCML
646,BCNA
647,BCOM
648,BCOR
649,BCOV
650,BCPC
651,BCRX
652,BCTF
653,BDGE
654,BDSI
655,BEAT
656,BECN
657,BELFA
658,BELFB
659,BFIN
660,BFIT
661,BFRA
662,BFST
663,BGCP
664,BGFV
665,BGNE
666,BHAC
667,BHACR
668,BHACU
669,BHACW
670,BHBK
671,BHF
672,BHTG
673,BIB
674,BICK
675,BIDU
676,BIIB
677,BILI
678,BIOC
679,BIOL
680,BIOS
681,BIS
682,BJRI
683,BKCC
684,BKEP
685,BKEPP
686,BKNG
687,BKSC
688,BKYI
689,BL
690,BLBD
691,BLCM
692,BLCN
693,BLDP
694,BLDR
695,BLFS
696,BLIN
697,BLKB
698,BLMN
699,BLMT
700,BLNK
701,BLNKW
702,BLPH
703,BLRX
704,BLUE
705,BMCH
706,BMLP
707,BMRA
708,BMRC
709,BMRN
710,BMTC
711,BNCL
712,BNDX
713,BNFT
714,BNSO
715,BNTC
716,BNTCW
717,BOCH
718,BOFI
719,BOFIL
720,BOJA
721,BOKF
722,BOKFL
723,BOLD
724,BOMN
725,BOOM
726,BOSC
727,BOTJ
728,BOTZ
729,BOXL
730,BPFH
731,BPFHW
732,BPMC
733,BPOP
734,BPOPM
735,BPOPN
736,BPRN
737,BPTH
738,BPY
739,BRAC
740,BRACR
741,BRACU
742,BRACW
743,BREW
744,BRID
745,BRKL
746,BRKR
747,BRKS
748,BRPA
749,BRPAR
750,BRPAU
751,BRPAW
752,BRQS
753,BSET
754,BSPM
755,BSQR
756,BSRR
757,BSTC
758,BTAI
759,BTEC
760,BURG
761,BUSE
762,BVNSC
763,BVSN
764,BVXV
765,BVXVW
766,BWB
767,BWEN
768,BWFG
769,BWINA
770,BWINB
771,BYFC
772,BYSI
773,BZUN
774,CA
775,CAAS
776,CAC
777,CACC
778,CACG
779,CADC
780,CAKE
781,CALA
782,CALI
783,CALL
784,CALM
785,CAMP
786,CAMT
787,CAPR
788,CAR
789,CARA
790,CARB
791,CARG
792,CARO
793,CART
794,CARV
795,CARZ
796,CASA
797,CASH
798,CASI
799,CASM
800,CASS
801,CASY
802,CATB
803,CATC
804,CATH
805,CATM
806,CATS
807,CATY
808,CATYW
809,CBAK
810,CBAN
811,CBAY
812,CBFV
813,CBIO
814,CBLI
815,CBLK
816,CBMG
817,CBOE
818,CBPO
819,CBRL
820,CBSH
821,CBSHP
822,CBTX
823,CCBG
824,CCCL
825,CCD
826,CCIH
827,CCLP
828,CCMP
829,CCNE
830,CCNI
831,CCOI
832,CCRC
833,CCRN
834,CCXI
835,CDC
836,CDEV
837,CDK
838,CDL
839,CDLX
840,CDMO
841,CDMOP
842,CDNA
843,CDNS
844,CDOR.A
845,CDTI
846,CDTX
847,CDW
848,CDXC
849,CDXS
850,CDZI
851,CECE
852,CECO
853,CELC
854,CELG
855,CELGZ
856,CELH
857,CEMI
858,CENT
859,CENTA
860,CENX
861,CERC
862,CERCW
863,CERN
864,CERS
865,CETV
866,CETX
867,CETXP
868,CETXW
869,CEVA
870,CEY
871,CEZ
872,CFA
873,CFBI
874,CFBK
875,CFFI
876,CFFN
877,CFMS
878,CFO
879,CFRX
880,CG
881,CGBD
882,CGEN
883,CGIX
884,CGNX
885,CGO
886,CGVIC
887,CHCI
888,CHCO
889,CHDN
890,CHEF
891,CHEK
892,CHEKW
893,CHEKZ
894,CHFC
895,CHFN
896,CHFS
897,CHI
898,CHKE
899,CHKP
900,CHMA
901,CHMG
902,CHNR
903,CHRS
904,CHRW
905,CHSCL
906,CHSCM
907,CHSCN
908,CHSCO
909,CHSCP
910,CHTR
911,CHUY
912,CHW
913,CHY
914,CIBR
915,CID
916,CIDM
917,CIFS
918,CIGI
919,CIL
920,CINF
921,CIU
922,CIVB
923,CIVBP
924,CIVEC
925,CIZ
926,CIZN
927,CJJD
928,CKPT
929,CLAR
930,CLBK
931,CLBS
932,CLCT
933,CLDC
934,CLDX
935,CLFD
936,CLGN
937,CLIR
938,CLIRW
939,CLLS
940,CLMT
941,CLNE
942,CLPS
943,CLRB
944,CLRBW
945,CLRBZ
946,CLRG
947,CLRO
948,CLSD
949,CLSN
950,CLUB
951,CLVS
952,CLWT
953,CLXT
954,CMCO
955,CMCSA
956,CMCT
957,CME
958,CMFN
959,CMFNL
960,CMPR
961,CMRX
962,CMSS
963,CMSSR
964,CMSSU
965,CMSSW
966,CMTA
967,CMTL
968,CNAC
969,CNACR
970,CNACU
971,CNACW
972,CNAT
973,CNBKA
974,CNCE
975,CNCR
976,CNET
977,CNFR
978,CNMD
979,CNOB
980,CNSL
981,CNTF
982,CNTY
983,CNXN
984,COBZ
985,COCP
986,CODA
987,CODX
988,COHR
989,COHU
990,COKE
991,COLB
992,COLL
993,COLM
994,COMM
995,COMT
996,CONE
997,CONN
998,COOL
999,CORE
1000,CORI
1001,CORT
1002,CORV
1003,COST
1004,COUP
1005,COWN
1006,COWNL
1007,COWNZ
1008,CPAH
1009,CPHC
1010,CPIX
1011,CPLA
1012,CPLP
1013,CPRT
1014,CPRX
1015,CPSH
1016,CPSI
1017,CPSS
1018,CPST
1019,CPTA
1020,CPTAG
1021,CPTAL
1022,CRAI
1023,CRAY
1024,CRBP
1025,CRED
1026,CREE
1027,CREG
1028,CRESY
1029,CRIS
1030,CRMT
1031,CRNT
1032,CRON
1033,CROX
1034,CRSP
1035,CRTO
1036,CRUS
1037,CRUSC
1038,CRVL
1039,CRVS
1040,CRWS
1041,CRZO
1042,CSA
1043,CSB
1044,CSBR
1045,CSCO
1046,CSF
1047,CSFL
1048,CSGP
1049,CSGS
1050,CSII
1051,CSIQ
1052,CSJ
1053,CSML
1054,CSOD
1055,CSPI
1056,CSQ
1057,CSSE
1058,CSSEP
1059,CSTE
1060,CSTR
1061,CSWC
1062,CSWCL
1063,CSWI
1064,CSX
1065,CTAS
1066,CTBI
1067,CTG
1068,CTHR
1069,CTIB
1070,CTIC
1071,CTMX
1072,CTRE
1073,CTRL
1074,CTRN
1075,CTRP
1076,CTRV
1077,CTSH
1078,CTSO
1079,CTWS
1080,CTXR
1081,CTXRW
1082,CTXS
1083,CUBA
1084,CUE
1085,CUI
1086,CUR
1087,CUTR
1088,CVBF
1089,CVCO
1090,CVCY
1091,CVGI
1092,CVGW
1093,CVLT
1094,CVLY
1095,CVON
1096,CVTI
1097,CVV
1098,CWAY
1099,CWBC
1100,CWBR
1101,CWCO
1102,CWST
1103,CXDC
1104,CXSE
1105,CY
1106,CYAD
1107,CYAN
1108,CYBE
1109,CYBR
1110,CYCC
1111,CYCCP
1112,CYHHZ
1113,CYOU
1114,CYRN
1115,CYRX
1116,CYRXW
1117,CYTK
1118,CYTR
1119,CYTX
1120,CYTXW
1121,CYTXZ
1122,CZFC
1123,CZNC
1124,CZR
1125,CZWI
1126,DAIO
1127,DAKT
1128,DALI
1129,DARE
1130,DAVE
1131,DAX
1132,DBVT
1133,DBX
1134,DCAR
1135,DCIX
1136,DCOM
1137,DCPH
1138,DDBI
1139,DELT
1140,DENN
1141,DEPO
1142,DERM
1143,DEST
1144,DFBG
1145,DFBH
1146,DFBHU
1147,DFBHW
1148,DFFN
1149,DFNL
1150,DFRG
1151,DFVL
1152,DFVS
1153,DGICA
1154,DGICB
1155,DGII
1156,DGLD
1157,DGLY
1158,DGRE
1159,DGRS
1160,DGRW
1161,DHIL
1162,DHXM
1163,DINT
1164,DIOD
1165,DISCA
1166,DISCB
1167,DISCK
1168,DISH
1169,DJCO
1170,DLBL
1171,DLBS
1172,DLHC
1173,DLPN
1174,DLPNW
1175,DLTH
1176,DLTR
1177,DMLP
1178,DMPI
1179,DMRC
1180,DNBF
1181,DNJR
1182,DNKN
1183,DNLI
1184,DOCU
1185,DOGZ
1186,DOMO
1187,DORM
1188,DOTA
1189,DOTAR
1190,DOTAU
1191,DOTAW
1192,DOVA
1193,DOX
1194,DRAD
1195,DRIO
1196,DRIOW
1197,DRIV
1198,DRNA
1199,DRRX
1200,DRYS
1201,DSGX
1202,DSKE
1203,DSKEW
1204,DSLV
1205,DSPG
1206,DSWL
1207,DTEA
1208,DTRM
1209,DTUL
1210,DTUS
1211,DTYL
1212,DTYS
1213,DUSA
1214,DVAX
1215,DVCR
1216,DVY
1217,DWAQ
1218,DWAS
1219,DWAT
1220,DWCH
1221,DWCR
1222,DWFI
1223,DWIN
1224,DWLD
1225,DWLV
1226,DWMC
1227,DWPP
1228,DWSH
1229,DWSN
1230,DWTR
1231,DXCM
1232,DXGE
1233,DXJS
1234,DXLG
1235,DXPE
1236,DXYN
1237,DYNT
1238,DYSL
1239,DZSI
1240,EA
1241,EACQ
1242,EACQU
1243,EACQW
1244,EAGL
1245,EAGLU
1246,EAGLW
1247,EARS
1248,EAST
1249,EASTW
1250,EBAY
1251,EBAYL
1252,EBIX
1253,EBMT
1254,EBSB
1255,EBTC
1256,ECHO
1257,ECOL
1258,ECOR
1259,ECPG
1260,ECYT
1261,EDAP
1262,EDBI
1263,EDGE
1264,EDGW
1265,EDIT
1266,EDRY
1267,EDUC
1268,EEFT
1269,EEI
1270,EEMA
1271,EFAS
1272,EFBI
1273,EFII
1274,EFOI
1275,EFSC
1276,EGAN
1277,EGBN
1278,EGC
1279,EGHT
1280,EGLE
1281,EGLT
1282,EGOV
1283,EGRX
1284,EHTH
1285,EIDX
1286,EIGI
1287,EIGR
1288,EKSO
1289,ELGX
1290,ELON
1291,ELOX
1292,ELSE
1293,ELTK
1294,EMB
1295,EMCB
1296,EMCF
1297,EMCG
1298,EMCI
1299,EMIF
1300,EMITF
1301,EMKR
1302,EML
1303,EMMS
1304,EMXC
1305,ENDP
1306,ENFC
1307,ENG
1308,ENPH
1309,ENSG
1310,ENT
1311,ENTA
1312,ENTG
1313,ENTX
1314,ENTXW
1315,ENZL
1316,EOLS
1317,EPAY
1318,EPIX
1319,EPZM
1320,EQBK
1321,EQFN
1322,EQIX
1323,EQRR
1324,ERI
1325,ERIC
1326,ERIE
1327,ERII
1328,ERYP
1329,ESBK
1330,ESCA
1331,ESEA
1332,ESES
1333,ESG
1334,ESGD
1335,ESGE
1336,ESGG
1337,ESGR
1338,ESGRP
1339,ESGU
1340,ESIO
1341,ESLT
1342,ESND
1343,ESPR
1344,ESQ
1345,ESRX
1346,ESSA
1347,ESTR
1348,ESTRW
1349,ESXB
1350,ETFC
1351,ETSY
1352,EUFN
1353,EVBG
1354,EVER
1355,EVFM
1356,EVFTC
1357,EVGBC
1358,EVGN
1359,EVK
1360,EVLMC
1361,EVLO
1362,EVLV
1363,EVOK
1364,EVOL
1365,EVOP
1366,EVSTC
1367,EWBC
1368,EWZS
1369,EXAS
1370,EXEL
1371,EXFO
1372,EXLS
1373,EXPD
1374,EXPE
1375,EXPI
1376,EXPO
1377,EXTR
1378,EYE
1379,EYEG
1380,EYEGW
1381,EYEN
1382,EYES
1383,EYESW
1384,EYPT
1385,EZPW
1386,FAAR
1387,FAB
1388,FAD
1389,FALN
1390,FAMI
1391,FANG
1392,FANH
1393,FARM
1394,FARO
1395,FAST
1396,FAT
1397,FATE
1398,FB
1399,FBIO
1400,FBIOP
1401,FBIZ
1402,FBMS
1403,FBNC
1404,FBNK
1405,FBSS
1406,FBZ
1407,FCA
1408,FCAL
1409,FCAN
1410,FCAP
1411,FCBC
1412,FCBP
1413,FCCO
1414,FCCY
1415,FCEF
1416,FCEL
1417,FCFS
1418,FCNCA
1419,FCSC
1420,FCVT
1421,FDBC
1422,FDEF
1423,FDIV
1424,FDT
1425,FDTS
1426,FDUS
1427,FDUSL
1428,FEIM
1429,FELE
1430,FEM
1431,FEMB
1432,FEMS
1433,FENC
1434,FEP
1435,FEUZ
1436,FEX
1437,FEYE
1438,FFBC
1439,FFBCW
1440,FFBW
1441,FFHL
1442,FFIC
1443,FFIN
1444,FFIV
1445,FFKT
1446,FFNW
1447,FFWM
1448,FGBI
1449,FGEN
1450,FGM
1451,FHB
1452,FHK
1453,FIBK
1454,FINX
1455,FISI
1456,FISV
1457,FITB
1458,FITBI
1459,FIVE
1460,FIVN
1461,FIXD
1462,FIXX
1463,FIZZ
1464,FJP
1465,FKO
1466,FKU
1467,FLAG
1468,FLAT
1469,FLDM
1470,FLEX
1471,FLGT
1472,FLIC
1473,FLIR
1474,FLKS
1475,FLL
1476,FLN
1477,FLNT
1478,FLWS
1479,FLXN
1480,FLXS
1481,FMAO
1482,FMB
1483,FMBH
1484,FMBI
1485,FMHI
1486,FMI
1487,FMK
1488,FMNB
1489,FNCB
1490,FNGN
1491,FNHC
1492,FNJN
1493,FNK
1494,FNKO
1495,FNLC
1496,FNSR
1497,FNTE
1498,FNTEU
1499,FNTEW
1500,FNWB
1501,FNX
1502,FNY
1503,FOANC
1504,FOLD
1505,FOMX
1506,FONE
1507,FONR
1508,FORD
1509,FORK
1510,FORM
1511,FORR
1512,FORTY
1513,FOSL
1514,FOX
1515,FOXA
1516,FOXF
1517,FPA
1518,FPAY
1519,FPRX
1520,FPXI
1521,FRAN
1522,FRBA
1523,FRBK
1524,FRED
1525,FRGI
1526,FRME
1527,FRPH
1528,FRPT
1529,FRSH
1530,FRSX
1531,FRTA
1532,FSAC
1533,FSACU
1534,FSACW
1535,FSBC
1536,FSBW
1537,FSCT
1538,FSFG
1539,FSLR
1540,FSNN
1541,FSTR
1542,FSV
1543,FSZ
1544,FTA
1545,FTAG
1546,FTC
1547,FTCS
1548,FTD
1549,FTEK
1550,FTEO
1551,FTFT
1552,FTGC
1553,FTHI
1554,FTLB
1555,FTNT
1556,FTR
1557,FTRI
1558,FTSL
1559,FTSM
1560,FTSV
1561,FTXD
1562,FTXG
1563,FTXH
1564,FTXL
1565,FTXN
1566,FTXO
1567,FTXR
1568,FULT
1569,FUNC
1570,FUND
1571,FUSB
1572,FUV
1573,FV
1574,FVC
1575,FVE
1576,FWONA
1577,FWONK
1578,FWP
1579,FWRD
1580,FYC
1581,FYT
1582,FYX
1583,GABC
1584,GAIA
1585,GAIN
1586,GAINM
1587,GAINN
1588,GAINO
1589,GALT
1590,GARS
1591,GASS
1592,GBCI
1593,GBDC
1594,GBLI
1595,GBLIL
1596,GBLIZ
1597,GBNK
1598,GBT
1599,GCBC
1600,GCVRZ
1601,GDEN
1602,GDS
1603,GEC
1604,GECC
1605,GECCL
1606,GECCM
1607,GEMP
1608,GENC
1609,GENE
1610,GENY
1611,GEOS
1612,GERN
1613,GEVO
1614,GFED
1615,GFN
1616,GFNCP
1617,GFNSL
1618,GGAL
1619,GHDX
1620,GIFI
1621,GIGM
1622,GIII
1623,GILD
1624,GILT
1625,GLAD
1626,GLADN
1627,GLBS
1628,GLBZ
1629,GLDD
1630,GLDI
1631,GLIBA
1632,GLIBP
1633,GLMD
1634,GLNG
1635,GLPG
1636,GLPI
1637,GLRE
1638,GLUU
1639,GLYC
1640,GMLP
1641,GMLPP
1642,GNBC
1643,GNCA
1644,GNMA
1645,GNMK
1646,GNMX
1647,GNPX
1648,GNRX
1649,GNTX
1650,GNTY
1651,GNUS
1652,GOGL
1653,GOGO
1654,GOLD
1655,GOOD
1656,GOODM
1657,GOODO
1658,GOODP
1659,GOOG
1660,GOOGL
1661,GOV
1662,GOVNI
1663,GPAQ
1664,GPAQU
1665,GPAQW
1666,GPIC
1667,GPOR
1668,GPP
1669,GPRE
1670,GPRO
1671,GRBIC
1672,GRBK
1673,GRFS
1674,GRID
1675,GRIF
1676,GRIN
1677,GRMN
1678,GRNQ
1679,GROW
1680,GRPN
1681,GRVY
1682,GSBC
1683,GSHD
1684,GSHT
1685,GSHTU
1686,GSHTW
1687,GSIT
1688,GSKY
1689,GSM
1690,GSUM
1691,GSVC
1692,GT
1693,GTHX
1694,GTIM
1695,GTLS
1696,GTXI
1697,GTYH
1698,GTYHU
1699,GTYHW
1700,GULF
1701,GURE
1702,GVP
1703,GWGH
1704,GWPH
1705,GWRS
1706,GYRO
1707,HA
1708,HABT
1709,HAFC
1710,HAIN
1711,HAIR
1712,HALL
1713,HALO
1714,HAS
1715,HAYN
1716,HBAN
1717,HBANN
1718,HBANO
1719,HBCP
1720,HBIO
1721,HBK
1722,HBMD
1723,HBNC
1724,HBP
1725,HCAP
1726,HCAPZ
1727,HCCHU
1728,HCCI
1729,HCKT
1730,HCM
1731,HCSG
1732,HDP
1733,HDS
1734,HDSN
1735,HEAR
1736,HEBT
1737,HEES
1738,HELE
1739,HEWG
1740,HFBC
1741,HFBL
1742,HFGIC
1743,HFWA
1744,HGSH
1745,HIBB
1746,HIFS
1747,HIHO
1748,HIIQ
1749,HIMX
1750,HJLI
1751,HJLIW
1752,HLG
1753,HLIT
1754,HLNE
1755,HMHC
1756,HMNF
1757,HMNY
1758,HMST
1759,HMSY
1760,HMTA
1761,HMTV
1762,HNDL
1763,HNNA
1764,HNRG
1765,HOFT
1766,HOLI
1767,HOLX
1768,HOMB
1769,HONE
1770,HOPE
1771,HOVNP
1772,HPJ
1773,HPT
1774,HQCL
1775,HQY
1776,HRTX
1777,HRZN
1778,HSDT
1779,HSGX
1780,HSIC
1781,HSII
1782,HSKA
1783,HSON
1784,HSTM
1785,HTBI
1786,HTBK
1787,HTBX
1788,HTGM
1789,HTHT
1790,HTLD
1791,HTLF
1792,HUBG
1793,HUNT
1794,HUNTU
1795,HUNTW
1796,HURC
1797,HURN
1798,HVBC
1799,HWBK
1800,HWC
1801,HWCC
1802,HWCPL
1803,HWKN
1804,HX
1805,HYAC
1806,HYACU
1807,HYACW
1808,HYGS
1809,HYLS
1810,HYND
1811,HYRE
1812,HYXE
1813,HYZD
1814,HZNP
1815,IAC
1816,IAM
1817,IAMXR
1818,IAMXW
1819,IART
1820,IBB
1821,IBCP
1822,IBKC
1823,IBKCO
1824,IBKCP
1825,IBKR
1826,IBOC
1827,IBTX
1828,IBUY
1829,ICAD
1830,ICBK
1831,ICCC
1832,ICCH
1833,ICFI
1834,ICHR
1835,ICLK
1836,ICLN
1837,ICLR
1838,ICON
1839,ICPT
1840,ICUI
1841,IDCC
1842,IDLB
1843,IDRA
1844,IDSA
1845,IDSY
1846,IDTI
1847,IDXG
1848,IDXX
1849,IEA
1850,IEAWW
1851,IEF
1852,IEI
1853,IEP
1854,IESC
1855,IEUS
1856,IFEU
1857,IFGL
1858,IFMK
1859,IFRX
1860,IFV
1861,IGF
1862,IGLD
1863,IGOV
1864,III
1865,IIIN
1866,IIIV
1867,IIJI
1868,IIN
1869,IIVI
1870,IJT
1871,IKNX
1872,ILG
1873,ILMN
1874,ILPT
1875,IMDZ
1876,IMGN
1877,IMI
1878,IMKTA
1879,IMMP
1880,IMMR
1881,IMMU
1882,IMMY
1883,IMNP
1884,IMOS
1885,IMPV
1886,IMRN
1887,IMRNW
1888,IMTE
1889,IMV
1890,INAP
1891,INBK
1892,INBKL
1893,INCY
1894,INDB
1895,INDU
1896,INDUU
1897,INDUW
1898,INDY
1899,INFI
1900,INFN
1901,INFO
1902,INFR
1903,INGN
1904,INNT
1905,INO
1906,INOD
1907,INOV
1908,INPX
1909,INSE
1910,INSG
1911,INSM
1912,INSY
1913,INTC
1914,INTG
1915,INTL
1916,INTU
1917,INTX
1918,INVA
1919,INVE
1920,INWK
1921,IONS
1922,IOSP
1923,IOTS
1924,IOVA
1925,IPAR
1926,IPAS
1927,IPCI
1928,IPDN
1929,IPGP
1930,IPHS
1931,IPIC
1932,IPKW
1933,IPWR
1934,IQ
1935,IRBT
1936,IRCP
1937,IRDM
1938,IRDMB
1939,IRIX
1940,IRMD
1941,IROQ
1942,IRTC
1943,IRWD
1944,ISBC
1945,ISCA
1946,ISHG
1947,ISIG
1948,ISNS
1949,ISRG
1950,ISRL
1951,ISSC
1952,ISTB
1953,ISTR
1954,ITCI
1955,ITEQ
1956,ITI
1957,ITIC
1958,ITRI
1959,ITRM
1960,ITRN
1961,ITUS
1962,IUSB
1963,IUSG
1964,IUSV
1965,IVAC
1966,IVENC
1967,IVFGC
1968,IVFVC
1969,IVTY
1970,IXUS
1971,IZEA
1972,JACK
1973,JAGX
1974,JAKK
1975,JASN
1976,JASNW
1977,JASO
1978,JAZZ
1979,JBHT
1980,JBLU
1981,JBSS
1982,JCOM
1983,JCS
1984,JCTCF
1985,JD
1986,JJSF
1987,JKHY
1988,JKI
1989,JMBA
1990,JMU
1991,JNCE
1992,JNP
1993,JOBS
1994,JOUT
1995,JRJC
1996,JRSH
1997,JRVR
1998,JSM
1999,JSMD
2000,JSML
2001,JSYN
2002,JSYNR
2003,JSYNU
2004,JSYNW
2005,JTPY
2006,JVA
2007,JYNT
2008,KAAC
2009,KAACU
2010,KAACW
2011,KALA
2012,KALU
2013,KALV
2014,KANG
2015,KBAL
2016,KBLM
2017,KBLMR
2018,KBLMU
2019,KBLMW
2020,KBSF
2021,KBWB
2022,KBWD
2023,KBWP
2024,KBWR
2025,KBWY
2026,KCAP
2027,KCAPL
2028,KE
2029,KELYA
2030,KELYB
2031,KEQU
2032,KERX
2033,KEYW
2034,KFFB
2035,KFRC
2036,KGJI
2037,KHC
2038,KIDS
2039,KIN
2040,KINS
2041,KIRK
2042,KLAC
2043,KLIC
2044,KLXI
2045,KMDA
2046,KMPH
2047,KNDI
2048,KNSA
2049,KNSL
2050,KONA
2051,KONE
2052,KOOL
2053,KOPN
2054,KOSS
2055,KPTI
2056,KRMA
2057,KRNT
2058,KRNY
2059,KRYS
2060,KTCC
2061,KTOS
2062,KTOV
2063,KTOVW
2064,KTWO
2065,KURA
2066,KVHI
2067,KWEB
2068,KZIA
2069,KZR
2070,LABL
2071,LACQ
2072,LACQU
2073,LACQW
2074,LAKE
2075,LALT
2076,LAMR
2077,LANC
2078,LAND
2079,LANDP
2080,LARK
2081,LASR
2082,LAUR
2083,LAWS
2084,LAZY
2085,LBAI
2086,LBC
2087,LBIX
2088,LBRDA
2089,LBRDK
2090,LBTYA
2091,LBTYB
2092,LBTYK
2093,LCA
2094,LCAHU
2095,LCAHW
2096,LCNB
2097,LCUT
2098,LDRI
2099,LE
2100,LECO
2101,LEDS
2102,LEGR
2103,LENS
2104,LEVL
2105,LEXEA
2106,LEXEB
2107,LFAC
2108,LFACU
2109,LFACW
2110,LFUS
2111,LFVN
2112,LGCY
2113,LGCYO
2114,LGCYP
2115,LGIH
2116,LGND
2117,LHCG
2118,LIFE
2119,LILA
2120,LILAK
2121,LINC
2122,LIND
2123,LINDW
2124,LINK
2125,LION
2126,LITE
2127,LIVE
2128,LIVN
2129,LIVX
2130,LJPC
2131,LKFN
2132,LKOR
2133,LKQ
2134,LLEX.A
2135,LLIT
2136,LLNW
2137,LMAT
2138,LMB
2139,LMBS
2140,LMFA
2141,LMFAW
2142,LMNR
2143,LMNX
2144,LMRK
2145,LMRKN
2146,LMRKO
2147,LMRKP
2148,LMST
2149,LNDC
2150,LNGR
2151,LNTH
2152,LOAN
2153,LOB
2154,LOCO
2155,LOGI
2156,LOGM
2157,LONE
2158,LOOP
2159,LOPE
2160,LORL
2161,LOVE
2162,LOXO
2163,LPCN
2164,LPLA
2165,LPNT
2166,LPSN
2167,LPTH
2168,LPTX
2169,LQDT
2170,LRAD
2171,LRCX
2172,LRGE
2173,LSBK
2174,LSCC
2175,LSTR
2176,LSXMA
2177,LSXMB
2178,LSXMK
2179,LTBR
2180,LTRPA
2181,LTRPB
2182,LTRX
2183,LTXB
2184,LULU
2185,LUNA
2186,LVHD
2187,LWAY
2188,LX
2189,LXRX
2190,LYL
2191,LYTS
2192,MACK
2193,MACQ
2194,MACQU
2195,MACQW
2196,MAGS
2197,MAMS
2198,MANH
2199,MANT
2200,MAR
2201,MARA
2202,MARK
2203,MARPS
2204,MASI
2205,MAT
2206,MATR
2207,MATW
2208,MAYS
2209,MB
2210,MBB
2211,MBCN
2212,MBFI
2213,MBFIO
2214,MBII
2215,MBIN
2216,MBIO
2217,MBOT
2218,MBRX
2219,MBSD
2220,MBTF
2221,MBUU
2222,MBWM
2223,MCBC
2224,MCEF
2225,MCEP
2226,MCFT
2227,MCHI
2228,MCHP
2229,MCHX
2230,MCRB
2231,MCRI
2232,MDB
2233,MDCA
2234,MDCO
2235,MDGL
2236,MDGS
2237,MDIV
2238,MDLZ
2239,MDRX
2240,MDSO
2241,MDWD
2242,MDXG
2243,MEDP
2244,MEET
2245,MEIP
2246,MELI
2247,MELR
2248,MEOH
2249,MERC
2250,MESO
2251,METC
2252,MFIN
2253,MFINL
2254,MFNC
2255,MFSF
2256,MGEE
2257,MGEN
2258,MGI
2259,MGIC
2260,MGLN
2261,MGNX
2262,MGPI
2263,MGRC
2264,MGTA
2265,MGTX
2266,MGYR
2267,MHLD
2268,MICT
2269,MIDD
2270,MIK
2271,MILN
2272,MIME
2273,MIND
2274,MINDP
2275,MINI
2276,MITK
2277,MITL
2278,MKGI
2279,MKSI
2280,MKTX
2281,MLAB
2282,MLCO
2283,MLHR
2284,MLNT
2285,MLNX
2286,MLVF
2287,MMAC
2288,MMDM
2289,MMDMR
2290,MMDMU
2291,MMDMW
2292,MMLP
2293,MMSI
2294,MMYT
2295,MNDO
2296,MNGA
2297,MNKD
2298,MNLO
2299,MNOV
2300,MNRO
2301,MNST
2302,MNTA
2303,MNTX
2304,MOBL
2305,MOFG
2306,MOGLC
2307,MOGO
2308,MOMO
2309,MOR
2310,MORN
2311,MOSY
2312,MOTS
2313,MOXC
2314,MPAA
2315,MPAC
2316,MPACU
2317,MPACW
2318,MPB
2319,MPCT
2320,MPVD
2321,MPWR
2322,MRAM
2323,MRBK
2324,MRCC
2325,MRCY
2326,MRIC
2327,MRIN
2328,MRLN
2329,MRNS
2330,MRSN
2331,MRTN
2332,MRTX
2333,MRUS
2334,MRVL
2335,MSBF
2336,MSBI
2337,MSEX
2338,MSFT
2339,MSG
2340,MSON
2341,MSTR
2342,MSVB
2343,MTBC
2344,MTBCP
2345,MTCH
2346,MTEC
2347,MTECU
2348,MTECW
2349,MTEM
2350,MTEX
2351,MTFB
2352,MTFBW
2353,MTGE
2354,MTGEP
2355,MTLS
2356,MTP
2357,MTRX
2358,MTSC
2359,MTSI
2360,MTSL
2361,MU
2362,MUDS
2363,MUDSU
2364,MUDSW
2365,MVBF
2366,MVIS
2367,MXIM
2368,MXWL
2369,MYGN
2370,MYL
2371,MYND
2372,MYNDW
2373,MYOK
2374,MYOS
2375,MYRG
2376,MYSZ
2377,MZOR
2378,NAII
2379,NAKD
2380,NANO
2381,NAOV
2382,NATH
2383,NATI
2384,NATR
2385,NAUH
2386,NAVG
2387,NAVI
2388,NBEV
2389,NBIX
2390,NBN
2391,NBRV
2392,NBTB
2393,NCBS
2394,NCLH
2395,NCMI
2396,NCNA
2397,NCOM
2398,NCSM
2399,NCTY
2400,NDAQ
2401,NDLS
2402,NDRA
2403,NDRAW
2404,NDSN
2405,NEBU
2406,NEBUU
2407,NEBUW
2408,NEO
2409,NEOG
2410,NEON
2411,NEOS
2412,NEPT
2413,NERV
2414,NESR
2415,NESRW
2416,NETE
2417,NEWA
2418,NEWT
2419,NEWTI
2420,NEWTZ
2421,NEXT
2422,NFBK
2423,NFEC
2424,NFLX
2425,NFTY
2426,NGHC
2427,NGHCN
2428,NGHCO
2429,NGHCP
2430,NGHCZ
2431,NH
2432,NHLD
2433,NHLDW
2434,NHTC
2435,NICE
2436,NICK
2437,NIHD
2438,NITE
2439,NK
2440,NKSH
2441,NKTR
2442,NLNK
2443,NLST
2444,NMIH
2445,NMRD
2446,NMRK
2447,NNBR
2448,NNDM
2449,NODK
2450,NOVN
2451,NOVT
2452,NRC
2453,NRIM
2454,NSEC
2455,NSIT
2456,NSSC
2457,NSTG
2458,NSYS
2459,NTAP
2460,NTCT
2461,NTEC
2462,NTES
2463,NTGN
2464,NTGR
2465,NTIC
2466,NTLA
2467,NTNX
2468,NTRA
2469,NTRI
2470,NTRP
2471,NTRS
2472,NTRSP
2473,NTWK
2474,NUAN
2475,NURO
2476,NUROW
2477,NUVA
2478,NVAX
2479,NVCN
2480,NVCR
2481,NVDA
2482,NVEC
2483,NVEE
2484,NVFY
2485,NVIV
2486,NVLN
2487,NVMI
2488,NVMM
2489,NVTR
2490,NVUS
2491,NWBI
2492,NWFL
2493,NWLI
2494,NWPX
2495,NWS
2496,NWSA
2497,NXEO
2498,NXEOU
2499,NXEOW
2500,NXPI
2501,NXST
2502,NXTD
2503,NXTDW
2504,NXTM
2505,NYMT
2506,NYMTN
2507,NYMTO
2508,NYMTP
2509,NYMX
2510,NYNY
2511,OASM
2512,OBAS
2513,OBCI
2514,OBLN
2515,OBNK
2516,OBSV
2517,OCC
2518,OCFC
2519,OCLR
2520,OCSI
2521,OCSL
2522,OCSLL
2523,OCUL
2524,ODFL
2525,ODP
2526,ODT
2527,OESX
2528,OFED
2529,OFIX
2530,OFLX
2531,OFS
2532,OFSSL
2533,OHAI
2534,OHGI
2535,OHRP
2536,OIIM
2537,OKDCC
2538,OKTA
2539,OLBK
2540,OLD
2541,OLED
2542,OLLI
2543,OMAB
2544,OMCL
2545,OMED
2546,OMER
2547,OMEX
2548,ON
2549,ONB
2550,ONCE
2551,ONCS
2552,ONCY
2553,ONEQ
2554,ONS
2555,ONSIW
2556,ONTX
2557,ONTXW
2558,ONVO
2559,OPB
2560,OPBK
2561,OPES
2562,OPESU
2563,OPESW
2564,OPGN
2565,OPGNW
2566,OPHC
2567,OPHT
2568,OPK
2569,OPNT
2570,OPOF
2571,OPRX
2572,OPTN
2573,OPTT
2574,ORBC
2575,ORBK
2576,ORG
2577,ORGS
2578,ORIG
2579,ORIT
2580,ORLY
2581,ORMP
2582,ORPN
2583,ORRF
2584,OSBC
2585,OSBCP
2586,OSIS
2587,OSN
2588,OSPN
2589,OSPR
2590,OSPRU
2591,OSPRW
2592,OSS
2593,OSTK
2594,OSUR
2595,OTEL
2596,OTEX
2597,OTIC
2598,OTIV
2599,OTTR
2600,OTTW
2601,OVAS
2602,OVBC
2603,OVID
2604,OVLY
2605,OXBR
2606,OXBRW
2607,OXFD
2608,OXLC
2609,OXLCM
2610,OXLCO
2611,OXSQ
2612,OXSQL
2613,OZRK
2614,PAAS
2615,PACB
2616,PACQ
2617,PACQU
2618,PACQW
2619,PACW
2620,PAGG
2621,PAHC
2622,PANL
2623,PATI
2624,PATK
2625,PAVM
2626,PAVMW
2627,PAVMZ
2628,PAYX
2629,PBBI
2630,PBCT
2631,PBCTP
2632,PBHC
2633,PBIO
2634,PBIP
2635,PBPB
2636,PBSK
2637,PBYI
2638,PCAR
2639,PCH
2640,PCMI
2641,PCOM
2642,PCRX
2643,PCSB
2644,PCTI
2645,PCTY
2646,PCYG
2647,PCYO
2648,PDBC
2649,PDCE
2650,PDCO
2651,PDEX
2652,PDFS
2653,PDLB
2654,PDLI
2655,PDP
2656,PDVW
2657,PEBK
2658,PEBO
2659,PEGA
2660,PEGI
2661,PEIX
2662,PENN
2663,PEP
2664,PERI
2665,PERY
2666,PESI
2667,PETQ
2668,PETS
2669,PETX
2670,PETZ
2671,PETZC
2672,PEY
2673,PEZ
2674,PFBC
2675,PFBI
2676,PFF
2677,PFG
2678,PFI
2679,PFIE
2680,PFIN
2681,PFIS
2682,PFLT
2683,PFM
2684,PFMT
2685,PFPT
2686,PFSW
2687,PGC
2688,PGJ
2689,PGLC
2690,PGNX
2691,PGTI
2692,PHII
2693,PHIIK
2694,PHO
2695,PI
2696,PICO
2697,PID
2698,PIE
2699,PIH
2700,PIHPP
2701,PINC
2702,PIO
2703,PIRS
2704,PIXY
2705,PIZ
2706,PKBK
2707,PKOH
2708,PKW
2709,PLAB
2710,PLAY
2711,PLBC
2712,PLCE
2713,PLLL
2714,PLPC
2715,PLSE
2716,PLUG
2717,PLUS
2718,PLW
2719,PLXP
2720,PLXS
2721,PLYA
2722,PMBC
2723,PMD
2724,PME
2725,PMOM
2726,PMPT
2727,PMTS
2728,PNBK
2729,PNFP
2730,PNK
2731,PNNT
2732,PNQI
2733,PNRG
2734,PNTR
2735,PODD
2736,POLA
2737,POOL
2738,POPE
2739,POWI
2740,POWL
2741,PPBI
2742,PPC
2743,PPH
2744,PPIH
2745,PPSI
2746,PRAA
2747,PRAH
2748,PRAN
2749,PRCP
2750,PRFT
2751,PRFZ
2752,PRGS
2753,PRGX
2754,PRIM
2755,PRKR
2756,PRMW
2757,PRN
2758,PROV
2759,PRPH
2760,PRPL
2761,PRPLW
2762,PRPO
2763,PRQR
2764,PRSC
2765,PRSS
2766,PRTA
2767,PRTK
2768,PRTO
2769,PRTS
2770,PS
2771,PSAU
2772,PSC
2773,PSCC
2774,PSCD
2775,PSCE
2776,PSCF
2777,PSCH
2778,PSCI
2779,PSCM
2780,PSCT
2781,PSCU
2782,PSDO
2783,PSEC
2784,PSET
2785,PSL
2786,PSMT
2787,PSTI
2788,PTC
2789,PTCT
2790,PTEN
2791,PTF
2792,PTGX
2793,PTH
2794,PTI
2795,PTIE
2796,PTLA
2797,PTNR
2798,PTSI
2799,PTX
2800,PUB
2801,PUI
2802,PULM
2803,PVAC
2804,PVAL
2805,PVBC
2806,PWOD
2807,PXI
2808,PXLW
2809,PXS
2810,PXUS
2811,PY
2812,PYDS
2813,PYPL
2814,PYZ
2815,PZZA
2816,QABA
2817,QADA
2818,QADB
2819,QAT
2820,QBAK
2821,QCLN
2822,QCOM
2823,QCRH
2824,QDEL
2825,QGEN
2826,QINC
2827,QIWI
2828,QLC
2829,QLYS
2830,QNST
2831,QQEW
2832,QQQ
2833,QQQC
2834,QQQX
2835,QQXT
2836,QRHC
2837,QRTEA
2838,QRTEB
2839,QRVO
2840,QSII
2841,QTEC
2842,QTNA
2843,QTNT
2844,QTRH
2845,QTRX
2846,QUIK
2847,QUMU
2848,QURE
2849,QYLD
2850,RADA
2851,RAIL
2852,RAND
2853,RARE
2854,RARX
2855,RAVE
2856,RAVN
2857,RBB
2858,RBBN
2859,RBCAA
2860,RBCN
2861,RBNC
2862,RCII
2863,RCKT
2864,RCKY
2865,RCM
2866,RCMT
2867,RCON
2868,RDCM
2869,RDFN
2870,RDHL
2871,RDI
2872,RDIB
2873,RDNT
2874,RDUS
2875,RDVT
2876,RDVY
2877,RDWR
2878,RECN
2879,REDU
2880,REFR
2881,REGI
2882,REGN
2883,REIS
2884,RELL
2885,RELV
2886,REPH
2887,RESN
2888,RETA
2889,RETO
2890,RFAP
2891,RFDI
2892,RFEM
2893,RFEU
2894,RFIL
2895,RGCO
2896,RGEN
2897,RGLD
2898,RGLS
2899,RGNX
2900,RGSE
2901,RIBT
2902,RIBTW
2903,RICK
2904,RIGL
2905,RILY
2906,RILYG
2907,RILYH
2908,RILYL
2909,RILYZ
2910,RING
2911,RIOT
2912,RKDA
2913,RLJE
2914,RMBL
2915,RMBS
2916,RMCF
2917,RMGN
2918,RMNI
2919,RMR
2920,RMTI
2921,RNDB
2922,RNDM
2923,RNDV
2924,RNEM
2925,RNET
2926,RNLC
2927,RNMC
2928,RNSC
2929,RNST
2930,RNWK
2931,ROAD
2932,ROBO
2933,ROBT
2934,ROCK
2935,ROIC
2936,ROKU
2937,ROLL
2938,ROSE
2939,ROSEU
2940,ROSEW
2941,ROST
2942,RP
2943,RPD
2944,RPIBC
2945,RRD
2946,RRGB
2947,RRR
2948,RSLS
2949,RSYS
2950,RTIX
2951,RTRX
2952,RTTR
2953,RUN
2954,RUSHA
2955,RUSHB
2956,RUTH
2957,RVEN
2958,RVLT
2959,RVNC
2960,RVSB
2961,RWLK
2962,RXII
2963,RXIIW
2964,RYAAY
2965,RYTM
2966,SABR
2967,SAEX
2968,SAFM
2969,SAFT
2970,SAGE
2971,SAIA
2972,SAL
2973,SALM
2974,SAMG
2975,SANM
2976,SANW
2977,SASR
2978,SATS
2979,SAUC
2980,SAVE
2981,SBAC
2982,SBBP
2983,SBBX
2984,SBCF
2985,SBFG
2986,SBFGP
2987,SBGI
2988,SBLK
2989,SBLKZ
2990,SBNY
2991,SBNYW
2992,SBOT
2993,SBPH
2994,SBRA
2995,SBSI
2996,SBT
2997,SBUX
2998,SCAC
2999,SCACU
3000,SCACW
3001,SCHL
3002,SCHN
3003,SCKT
3004,SCON
3005,SCOR
3006,SCPH
3007,SCSC
3008,SCVL
3009,SCWX
3010,SCYX
3011,SCZ
3012,SDVY
3013,SEAC
3014,SECO
3015,SEDG
3016,SEED
3017,SEIC
3018,SEII
3019,SELB
3020,SELF
3021,SENEA
3022,SENEB
3023,SES
3024,SESN
3025,SFBC
3026,SFBS
3027,SFIX
3028,SFLY
3029,SFM
3030,SFNC
3031,SFST
3032,SGBX
3033,SGC
3034,SGEN
3035,SGH
3036,SGLB
3037,SGLBW
3038,SGMA
3039,SGMO
3040,SGMS
3041,SGOC
3042,SGRP
3043,SGRY
3044,SGYP
3045,SHBI
3046,SHEN
3047,SHIP
3048,SHIPW
3049,SHLD
3050,SHLDW
3051,SHLM
3052,SHLO
3053,SHOO
3054,SHOS
3055,SHPG
3056,SHSP
3057,SHV
3058,SHY
3059,SIEB
3060,SIEN
3061,SIFI
3062,SIFY
3063,SIGA
3064,SIGI
3065,SIGM
3066,SILC
3067,SIMO
3068,SINA
3069,SINO
3070,SIR
3071,SIRI
3072,SITO
3073,SIVB
3074,SKIS
3075,SKOR
3076,SKYS
3077,SKYW
3078,SKYY
3079,SLAB
3080,SLCT
3081,SLDB
3082,SLGL
3083,SLGN
3084,SLIM
3085,SLM
3086,SLMBP
3087,SLNO
3088,SLNOW
3089,SLP
3090,SLQD
3091,SLRC
3092,SLS
3093,SLVO
3094,SMBC
3095,SMBK
3096,SMCI
3097,SMCP
3098,SMED
3099,SMIT
3100,SMMF
3101,SMMT
3102,SMPL
3103,SMPLW
3104,SMRT
3105,SMSI
3106,SMTC
3107,SMTX
3108,SNBR
3109,SND
3110,SNDE
3111,SNDX
3112,SNES
3113,SNFCA
3114,SNGX
3115,SNGXW
3116,SNH
3117,SNHNI
3118,SNHNL
3119,SNHY
3120,SNLN
3121,SNMX
3122,SNNA
3123,SNOA
3124,SNOAW
3125,SNPS
3126,SNSR
3127,SNSS
3128,SOCL
3129,SODA
3130,SOFO
3131,SOHO
3132,SOHOB
3133,SOHOK
3134,SOHOO
3135,SOHU
3136,SONA
3137,SONC
3138,SORL
3139,SOXX
3140,SP
3141,SPAR
3142,SPCB
3143,SPEX
3144,SPHS
3145,SPI
3146,SPKE
3147,SPKEP
3148,SPLK
3149,SPNE
3150,SPNS
3151,SPOK
3152,SPPI
3153,SPRO
3154,SPRT
3155,SPSC
3156,SPTN
3157,SPWH
3158,SPWR
3159,SQBG
3160,SQLV
3161,SQQQ
3162,SRAX
3163,SRCE
3164,SRCL
3165,SRCLP
3166,SRDX
3167,SRET
3168,SREV
3169,SRNE
3170,SRPT
3171,SRRA
3172,SRRK
3173,SRTS
3174,SRTSW
3175,SSB
3176,SSBI
3177,SSC
3178,SSFN
3179,SSKN
3180,SSLJ
3181,SSNC
3182,SSNT
3183,SSP
3184,SSRM
3185,SSTI
3186,SSYS
3187,STAA
3188,STAF
3189,STAY
3190,STBA
3191,STBZ
3192,STCN
3193,STDY
3194,STFC
3195,STIM
3196,STKL
3197,STKS
3198,STLD
3199,STLR
3200,STLRU
3201,STLRW
3202,STML
3203,STMP
3204,STND
3205,STNL
3206,STNLU
3207,STNLW
3208,STPP
3209,STRA
3210,STRL
3211,STRM
3212,STRS
3213,STRT
3214,STX
3215,STXB
3216,SUMR
3217,SUNS
3218,SUNW
3219,SUPN
3220,SURF
3221,SUSB
3222,SUSC
3223,SVA
3224,SVBI
3225,SVRA
3226,SVVC
3227,SWIN
3228,SWIR
3229,SWKS
3230,SYBT
3231,SYBX
3232,SYKE
3233,SYMC
3234,SYNA
3235,SYNC
3236,SYNH
3237,SYNL
3238,SYNT
3239,SYPR
3240,SYRS
3241,TA
3242,TACO
3243,TACOW
3244,TACT
3245,TAIT
3246,TANH
3247,TANNI
3248,TANNL
3249,TANNZ
3250,TAOP
3251,TAPR
3252,TAST
3253,TATT
3254,TAX
3255,TAYD
3256,TBBK
3257,TBIO
3258,TBK
3259,TBNK
3260,TBPH
3261,TBRGU
3262,TCBI
3263,TCBIL
3264,TCBIP
3265,TCBIW
3266,TCBK
3267,TCCO
3268,TCDA
3269,TCFC
3270,TCGP
3271,TCMD
3272,TCON
3273,TCPC
3274,TCRD
3275,TCX
3276,TDAC
3277,TDACU
3278,TDACW
3279,TDIV
3280,TEAM
3281,TECD
3282,TECH
3283,TEDU
3284,TELL
3285,TENX
3286,TERP
3287,TESS
3288,TFSL
3289,TGA
3290,TGEN
3291,TGLS
3292,TGTX
3293,THFF
3294,THRM
3295,THST
3296,TIBR
3297,TIBRU
3298,TIBRW
3299,TIG
3300,TILE
3301,TIPT
3302,TISA
3303,TITN
3304,TIVO
3305,TLF
3306,TLGT
3307,TLND
3308,TLT
3309,TMCX
3310,TMCXU
3311,TMCXW
3312,TMDI
3313,TMSR
3314,TMUS
3315,TNAV
3316,TNDM
3317,TNXP
3318,TOCA
3319,TOPS
3320,TORC
3321,TOUR
3322,TOWN
3323,TPIC
3324,TPIV
3325,TQQQ
3326,TRCB
3327,TRCH
3328,TREE
3329,TRHC
3330,TRIB
3331,TRIL
3332,TRIP
3333,TRMB
3334,TRMD
3335,TRMK
3336,TRMT
3337,TRNC
3338,TRNS
3339,TROV
3340,TROW
3341,TRPX
3342,TRS
3343,TRST
3344,TRUE
3345,TRUP
3346,TRVG
3347,TRVN
3348,TSBK
3349,TSC
3350,TSCAP
3351,TSCO
3352,TSEM
3353,TSG
3354,TSLA
3355,TSRI
3356,TSRO
3357,TST
3358,TTD
3359,TTEC
3360,TTEK
3361,TTGT
3362,TTMI
3363,TTNP
3364,TTOO
3365,TTPH
3366,TTS
3367,TTWO
3368,TUES
3369,TUR
3370,TURN
3371,TUSA
3372,TUSK
3373,TVIX
3374,TVIZ
3375,TVTY
3376,TWIN
3377,TWLVU
3378,TWMC
3379,TWNK
3380,TWNKW
3381,TWOU
3382,TXMD
3383,TXN
3384,TXRH
3385,TYHT
3386,TYME
3387,TYPE
3388,TZOO
3389,UAE
3390,UBCP
3391,UBFO
3392,UBIO
3393,UBNK
3394,UBNT
3395,UBOH
3396,UBSH
3397,UBSI
3398,UBX
3399,UCBA
3400,UCBI
3401,UCFC
3402,UCTT
3403,UDBI
3404,UEIC
3405,UEPS
3406,UFCS
3407,UFPI
3408,UFPT
3409,UG
3410,UGLD
3411,UHAL
3412,UIHC
3413,ULBI
3414,ULH
3415,ULTA
3416,ULTI
3417,UMBF
3418,UMPQ
3419,UMRX
3420,UNAM
3421,UNB
3422,UNFI
3423,UNIT
3424,UNTY
3425,UONE
3426,UONEK
3427,UPL
3428,UPLD
3429,URBN
3430,URGN
3431,USAK
3432,USAP
3433,USAT
3434,USATP
3435,USAU
3436,USCR
3437,USEG
3438,USLB
3439,USLM
3440,USLV
3441,USMC
3442,USOI
3443,UTHR
3444,UTMD
3445,UTSI
3446,UVSP
3447,UXIN
3448,VALU
3449,VALX
3450,VBFC
3451,VBIV
3452,VBLT
3453,VBND
3454,VBTX
3455,VC
3456,VCEL
3457,VCIT
3458,VCLT
3459,VCSH
3460,VCTR
3461,VCYT
3462,VEAC
3463,VEACU
3464,VEACW
3465,VECO
3466,VEON
3467,VERI
3468,VERU
3469,VETS
3470,VGIT
3471,VGLT
3472,VGSH
3473,VIA
3474,VIAB
3475,VIAV
3476,VICL
3477,VICR
3478,VIDI
3479,VIGI
3480,VIIX
3481,VIIZ
3482,VIRC
3483,VIRT
3484,VIVE
3485,VIVO
3486,VKTX
3487,VKTXW
3488,VLGEA
3489,VLRX
3490,VMBS
3491,VNDA
3492,VNET
3493,VNOM
3494,VNQI
3495,VOD
3496,VONE
3497,VONG
3498,VONV
3499,VOXX
3500,VRA
3501,VRAY
3502,VRCA
3503,VREX
3504,VRIG
3505,VRML
3506,VRNA
3507,VRNS
3508,VRNT
3509,VRSK
3510,VRSN
3511,VRTS
3512,VRTSP
3513,VRTU
3514,VRTX
3515,VSAR
3516,VSAT
3517,VSDA
3518,VSEC
3519,VSMV
3520,VSTM
3521,VTC
3522,VTGN
3523,VTHR
3524,VTIP
3525,VTIQ
3526,VTIQU
3527,VTIQW
3528,VTL
3529,VTNR
3530,VTSI
3531,VTVT
3532,VTWG
3533,VTWO
3534,VTWV
3535,VUSE
3536,VUZI
3537,VVPR
3538,VVUS
3539,VWOB
3540,VXRT
3541,VXUS
3542,VYGR
3543,VYMI
3544,WABC
3545,WAFD
3546,WAFDW
3547,WASH
3548,WATT
3549,WB
3550,WBA
3551,WCFB
3552,WDAY
3553,WDC
3554,WDFC
3555,WEB
3556,WEBK
3557,WEN
3558,WERN
3559,WETF
3560,WEYS
3561,WHF
3562,WHFBL
3563,WHLM
3564,WHLR
3565,WHLRD
3566,WHLRP
3567,WHLRW
3568,WIFI
3569,WILC
3570,WIN
3571,WINA
3572,WING
3573,WINS
3574,WIRE
3575,WIX
3576,WKHS
3577,WLDN
3578,WLFC
3579,WLTW
3580,WMGI
3581,WMGIZ
3582,WMIH
3583,WNEB
3584,WOOD
3585,WPRT
3586,WRLD
3587,WRLS
3588,WRLSR
3589,WRLSU
3590,WRLSW
3591,WSBC
3592,WSBF
3593,WSC
3594,WSCI
3595,WSFS
3596,WSTG
3597,WSTL
3598,WTBA
3599,WTFC
3600,WTFCM
3601,WTFCW
3602,WVE
3603,WVFC
3604,WVVI
3605,WVVIP
3606,WWD
3607,WWR
3608,WYNN
3609,XBIO
3610,XBIT
3611,XCRA
3612,XEL
3613,XELA
3614,XELB
3615,XENE
3616,XENT
3617,XERS
3618,XGTI
3619,XGTIW
3620,XLNX
3621,XLRN
3622,XNCR
3623,XNET
3624,XOG
3625,XOMA
3626,XONE
3627,XPER
3628,XPLR
3629,XRAY
3630,XSPA
3631,XSPL
3632,XT
3633,XTLB
3634,YDIV
3635,YECO
3636,YGYI
3637,YIN
3638,YLCO
3639,YLDE
3640,YNDX
3641,YOGA
3642,YORW
3643,YRCW
3644,YRIV
3645,YTEN
3646,YTRA
3647,YY
3648,Z
3649,ZAGG
3650,ZBIO
3651,ZBRA
3652,ZEAL
3653,ZEUS
3654,ZFGN
3655,ZG
3656,ZGNX
3657,ZION
3658,ZIONW
3659,ZIONZ
3660,ZIOP
3661,ZIV
3662,ZIXI
3663,ZKIN
3664,ZLAB
3665,ZN
3666,ZNGA
3667,ZS
3668,ZSAN
3669,ZUMZ
3670,ZYNE
3671,A
3672,AA
3673,AAC
3674,AAN
3675,AAP
3676,AAT
3677,AAV
3678,AB
3679,ABB
3680,ABBV
3681,ABC
3682,ABEV
3683,ABG
3684,ABM
3685,ABR
3686,ABR.PA
3687,ABR.PB
3688,ABR.PC
3689,ABT
3690,ABX
3691,AC
3692,ACC
3693,ACCO
3694,ACH
3695,ACM
3696,ACN
3697,ACP
3698,ACRE
3699,ACV
3700,ADC
3701,ADM
3702,ADNT
3703,ADS
3704,ADSW
3705,ADT
3706,ADX
3707,AEB
3708,AED
3709,AEE
3710,AEG
3711,AEH
3712,AEL
3713,AEM
3714,AEO
3715,AEP
3716,AER
3717,AES
3718,AET
3719,AFB
3720,AFC
3721,AFG
3722,AFGE
3723,AFGH
3724,AFI
3725,AFL
3726,AFSI.PA
3727,AFSI.PB
3728,AFSI.PC
3729,AFSI.PD
3730,AFSI.PE
3731,AFSI.PF
3732,AFSS
3733,AFST
3734,AFT
3735,AG
3736,AGC
3737,AGCO
3738,AGD
3739,AGI
3740,AGM
3741,AGM.PA
3742,AGM.PB
3743,AGM.PC
3744,AGN
3745,AGO
3746,AGO.PB
3747,AGO.PE
3748,AGO.PF
3749,AGR
3750,AGRO
3751,AGS
3752,AGX
3753,AHC
3754,AHH
3755,AHL
3756,AHL.PC
3757,AHL.PD
3758,AHT
3759,AHT.PD
3760,AHT.PF
3761,AHT.PG
3762,AHT.PH
3763,AHT.PI
3764,AI
3765,AI.PB
3766,AIC
3767,AIF
3768,AIG
3769,AIN
3770,AIR
3771,AIT
3772,AIV
3773,AIV.PA
3774,AIW
3775,AIY
3776,AIZ
3777,AIZP
3778,AJG
3779,AJRD
3780,AJX
3781,AJXA
3782,AKP
3783,AKR
3784,AKS
3785,AL
3786,ALB
3787,ALE
3788,ALEX
3789,ALG
3790,ALK
3791,ALL
3792,ALL.PA
3793,ALL.PB
3794,ALL.PC
3795,ALL.PD
3796,ALL.PE
3797,ALL.PF
3798,ALL.PG
3799,ALLE
3800,ALLY
3801,ALLY.PA
3802,ALP.PQ
3803,ALSN
3804,ALV
3805,ALX
3806,AM
3807,AMBR
3808,AMC
3809,AME
3810,AMG
3811,AMGP
3812,AMH
3813,AMH.PD
3814,AMH.PE
3815,AMH.PF
3816,AMH.PG
3817,AMID
3818,AMN
3819,AMOV.A
3820,AMP
3821,AMRC
3822,AMRX
3823,AMT
3824,AMX
3825,AN
3826,ANDV
3827,ANDX
3828,ANET
3829,ANF
3830,ANFI
3831,ANH
3832,ANH.PA
3833,ANH.PB
3834,ANH.PC
3835,ANTM
3836,ANW
3837,AOD
3838,AOI
3839,AON
3840,AOS
3841,AP
3842,APA
3843,APAM
3844,APB
3845,APC
3846,APD
3847,APF
3848,APH
3849,APLE
3850,APO
3851,APO.PA
3852,APO.PB
3853,APRN
3854,APTS
3855,APTV
3856,APU
3857,APY
3858,AQ
3859,AQN
3860,AQUA
3861,AR
3862,ARA
3863,ARC
3864,ARCH
3865,ARCO
3866,ARD
3867,ARDC
3868,ARE
3869,ARE.PD
3870,ARES
3871,ARES.PA
3872,ARGD
3873,ARGO
3874,ARI
3875,ARI.PC
3876,ARL
3877,ARMK
3878,ARNC
3879,AROC
3880,ARR
3881,ARR.PA
3882,ARR.PB
3883,ARW
3884,ASA
3885,ASB
3886,ASB.PC
3887,ASB.PD
3888,ASC
3889,ASG
3890,ASGN
3891,ASH
3892,ASIX
3893,ASPN
3894,ASR
3895,ASX
3896,AT
3897,ATEN
3898,ATGE
3899,ATH
3900,ATHM
3901,ATI
3902,ATKR
3903,ATO
3904,ATR
3905,ATTO
3906,ATU
3907,ATUS
3908,ATV
3909,AU
3910,AUO
3911,AUY
3912,AVA
3913,AVAL
3914,AVB
3915,AVD
3916,AVH
3917,AVK
3918,AVLR
3919,AVNS
3920,AVP
3921,AVX
3922,AVY
3923,AVYA
3924,AWF
3925,AWI
3926,AWK
3927,AWP
3928,AWR
3929,AXE
3930,AXL
3931,AXP
3932,AXR
3933,AXS
3934,AXS.PD
3935,AXS.PE
3936,AXTA
3937,AYI
3938,AYR
3939,AYX
3940,AZN
3941,AZO
3942,AZRE
3943,AZUL
3944,AZZ
3945,B
3946,BA
3947,BABA
3948,BAC
3949,BAC.PA
3950,BAC.PB
3951,BAC.PC
3952,BAC.PD
3953,BAC.PE
3954,BAC.PL
3955,BAC.PW
3956,BAC.PY
3957,BAF
3958,BAH
3959,BAK
3960,BAM
3961,BANC
3962,BANC.PC
3963,BANC.PD
3964,BANC.PE
3965,BAP
3966,BAS
3967,BAX
3968,BB
3969,BBD
3970,BBDO
3971,BBF
3972,BBK
3973,BBL
3974,BBN
3975,BBT
3976,BBT.PD
3977,BBT.PE
3978,BBT.PF
3979,BBT.PG
3980,BBT.PH
3981,BBU
3982,BBVA
3983,BBW
3984,BBX
3985,BBY
3986,BC
3987,BCC
3988,BCE
3989,BCEI
3990,BCH
3991,BCO
3992,BCRH
3993,BCS
3994,BCS.PD
3995,BCX
3996,BDC
3997,BDC.PB
3998,BDJ
3999,BDN
4000,BDX
4001,BDXA
4002,BEDU
4003,BEL
4004,BEN
4005,BEP
4006,BERY
4007,BFAM
4008,BFK
4009,BFO
4010,BFR
4011,BFS
4012,BFS.PC
4013,BFS.PD
4014,BFY
4015,BFZ
4016,BG
4017,BGB
4018,BGCA
4019,BGG
4020,BGH
4021,BGIO
4022,BGR
4023,BGS
4024,BGT
4025,BGX
4026,BGY
4027,BH
4028,BHE
4029,BHGE
4030,BHK
4031,BHLB
4032,BHP
4033,BHR
4034,BHR.PB
4035,BHV
4036,BHVN
4037,BID
4038,BIF
4039,BIG
4040,BIO
4041,BIP
4042,BIT
4043,BITA
4044,BJ
4045,BJZ
4046,BK
4047,BK.PC
4048,BKD
4049,BKE
4050,BKH
4051,BKHU
4052,BKI
4053,BKK
4054,BKN
4055,BKS
4056,BKT
4057,BKU
4058,BLD
4059,BLE
4060,BLH
4061,BLK
4062,BLL
4063,BLW
4064,BLX
4065,BMA
4066,BME
4067,BMI
4068,BML.PG
4069,BML.PH
4070,BML.PI
4071,BML.PJ
4072,BML.PL
4073,BMO
4074,BMS
4075,BMY
4076,BNED
4077,BNS
4078,BNY
4079,BOE
4080,BOH
4081,BOOT
4082,BORN
4083,BOX
4084,BP
4085,BPI
4086,BPK
4087,BPL
4088,BPMP
4089,BPT
4090,BQH
4091,BR
4092,BRC
4093,BRFS
4094,BRO
4095,BRS
4096,BRSS
4097,BRT
4098,BRX
4099,BSA
4100,BSAC
4101,BSBR
4102,BSD
4103,BSE
4104,BSIG
4105,BSL
4106,BSM
4107,BSMX
4108,BST
4109,BSTI
4110,BSX
4111,BT
4112,BTA
4113,BTE
4114,BTI
4115,BTO
4116,BTT
4117,BTU
4118,BTZ
4119,BUD
4120,BUI
4121,BURL
4122,BV
4123,BVN
4124,BW
4125,BWA
4126,BWG
4127,BWP
4128,BWXT
4129,BX
4130,BXC
4131,BXE
4132,BXG
4133,BXMT
4134,BXMX
4135,BXP
4136,BXP.PB
4137,BXS
4138,BY
4139,BYD
4140,BYM
4141,BZH
4142,BZM
4143,C
4144,C.PC
4145,C.PJ
4146,C.PK
4147,C.PL
4148,C.PN
4149,C.PS
4150,CAAP
4151,CABO
4152,CACI
4153,CADE
4154,CAE
4155,CAF
4156,CAG
4157,CAH
4158,CAI
4159,CAI.PA
4160,CAJ
4161,CAL
4162,CALX
4163,CAPL
4164,CARS
4165,CAT
4166,CATO
4167,CB
4168,CBA
4169,CBB
4170,CBB.PB
4171,CBD
4172,CBH
4173,CBK
4174,CBL
4175,CBL.PD
4176,CBL.PE
4177,CBM
4178,CBO
4179,CBPX
4180,CBRE
4181,CBS
4182,CBT
4183,CBU
4184,CBX
4185,CBZ
4186,CC
4187,CCE
4188,CCI
4189,CCI.PA
4190,CCJ
4191,CCK
4192,CCL
4193,CCM
4194,CCO
4195,CCR
4196,CCS
4197,CCT
4198,CCU
4199,CCZ
4200,CDAY
4201,CDE
4202,CDR
4203,CDR.PB
4204,CDR.PC
4205,CE
4206,CEA
4207,CEE
4208,CEIX
4209,CEL
4210,CELP
4211,CEM
4212,CEN
4213,CEO
4214,CEPU
4215,CEQP
4216,CF
4217,CFG
4218,CFR
4219,CFR.PA
4220,CFX
4221,CGA
4222,CGC
4223,CGG
4224,CHA
4225,CHCT
4226,CHD
4227,CHE
4228,CHGG
4229,CHH
4230,CHK
4231,CHK.PD
4232,CHKR
4233,CHL
4234,CHMI
4235,CHMI.PA
4236,CHN
4237,CHRA
4238,CHS
4239,CHSP
4240,CHT
4241,CHU
4242,CI
4243,CIA
4244,CIB
4245,CIC
4246,CIEN
4247,CIF
4248,CIG
4249,CII
4250,CIM
4251,CIM.PA
4252,CIM.PB
4253,CINR
4254,CIO
4255,CIO.PA
4256,CIR
4257,CISN
4258,CIT
4259,CIVI
4260,CJ
4261,CKH
4262,CL
4263,CLB
4264,CLD
4265,CLDR
4266,CLDT
4267,CLF
4268,CLGX
4269,CLH
4270,CLI
4271,CLNC
4272,CLNY
4273,CLNY.PB
4274,CLNY.PE
4275,CLNY.PG
4276,CLNY.PH
4277,CLNY.PI
4278,CLNY.PJ
4279,CLPR
4280,CLR
4281,CLS
4282,CLW
4283,CLX
4284,CM
4285,CMA
4286,CMC
4287,CMCM
4288,CMD
4289,CMG
4290,CMI
4291,CMO
4292,CMO.PE
4293,CMP
4294,CMRE
4295,CMRE.PB
4296,CMRE.PC
4297,CMRE.PD
4298,CMRE.PE
4299,CMS
4300,CMS.PB
4301,CMSA
4302,CMU
4303,CNA
4304,CNC
4305,CNDT
4306,CNHI
4307,CNI
4308,CNK
4309,CNNE
4310,CNO
4311,CNP
4312,CNQ
4313,CNS
4314,CNX
4315,CNXM
4316,CO
4317,CODI
4318,CODI.PA
4319,CODI.PB
4320,COE
4321,COF
4322,COF.PC
4323,COF.PD
4324,COF.PF
4325,COF.PG
4326,COF.PH
4327,COF.PP
4328,COG
4329,COL
4330,COLD
4331,COO
4332,COP
4333,COR
4334,CORR
4335,CORR.PA
4336,COT
4337,COTV
4338,COTY
4339,CP
4340,CPA
4341,CPAC
4342,CPB
4343,CPE
4344,CPE.PA
4345,CPF
4346,CPG
4347,CPK
4348,CPL
4349,CPLG
4350,CPS
4351,CPT
4352,CR
4353,CRC
4354,CRCM
4355,CRH
4356,CRI
4357,CRK
4358,CRL
4359,CRM
4360,CRR
4361,CRS
4362,CRT
4363,CRY
4364,CS
4365,CSL
4366,CSLT
4367,CSS
4368,CSTM
4369,CSU
4370,CSV
4371,CTAA
4372,CTB
4373,CTBB
4374,CTDD
4375,CTL
4376,CTLT
4377,CTR
4378,CTS
4379,CTT
4380,CTU
4381,CTV
4382,CTW
4383,CTX
4384,CTY
4385,CTZ
4386,CUB
4387,CUBE
4388,CUBI
4389,CUBI.PC
4390,CUBI.PD
4391,CUBI.PE
4392,CUBI.PF
4393,CUBS
4394,CUK
4395,CULP
4396,CURO
4397,CUZ
4398,CVA
4399,CVE
4400,CVEO
4401,CVG
4402,CVI
4403,CVIA
4404,CVNA
4405,CVRR
4406,CVS
4407,CVX
4408,CW
4409,CWH
4410,CWT
4411,CX
4412,CXE
4413,CXH
4414,CXO
4415,CXP
4416,CXW
4417,CYD
4418,CYH
4419,CYS
4420,CYS.PA
4421,CYS.PB
4422,CZZ
4423,D
4424,DAC
4425,DAL
4426,DAN
4427,DAR
4428,DATA
4429,DB
4430,DBD
4431,DBL
4432,DCF
4433,DCI
4434,DCO
4435,DCP
4436,DCP.PB
4437,DCT
4438,DCUD
4439,DD.PA
4440,DD.PB
4441,DDD
4442,DDE
4443,DDF
4444,DDR
4445,DDR.PA
4446,DDR.PJ
4447,DDR.PK
4448,DDS
4449,DDT
4450,DE
4451,DEA
4452,DECK
4453,DEI
4454,DEO
4455,DESP
4456,DEX
4457,DF
4458,DFIN
4459,DFP
4460,DFS
4461,DG
4462,DGX
4463,DHCP
4464,DHF
4465,DHI
4466,DHR
4467,DHT
4468,DHX
4469,DIAX
4470,DIN
4471,DIS
4472,DK
4473,DKL
4474,DKS
4475,DKT
4476,DL
4477,DLB
4478,DLNG
4479,DLNG.PA
4480,DLPH
4481,DLR
4482,DLR.PC
4483,DLR.PG
4484,DLR.PH
4485,DLR.PI
4486,DLR.PJ
4487,DLX
4488,DM
4489,DMB
4490,DMO
4491,DNB
4492,DNI
4493,DNOW
4494,DNP
4495,DNR
4496,DO
4497,DOC
4498,DOOR
4499,DOV
4500,DPG
4501,DPLO
4502,DPZ
4503,DQ
4504,DRD
4505,DRE
4506,DRH
4507,DRI
4508,DRQ
4509,DRUA
4510,DS
4511,DS.PB
4512,DS.PC
4513,DS.PD
4514,DSE
4515,DSL
4516,DSM
4517,DSU
4518,DSW
4519,DSX
4520,DSX.PB
4521,DSXN
4522,DTE
4523,DTF
4524,DTJ
4525,DTLA.P
4526,DTQ
4527,DTV
4528,DTW
4529,DTY
4530,DUC
4531,DUK
4532,DUKH
4533,DVA
4534,DVD
4535,DVMT
4536,DVN
4537,DWDP
4538,DX
4539,DX.PA
4540,DX.PB
4541,DXB
4542,DXC
4543,DY
4544,DYNC
4545,E
4546,EAB
4547,EAE
4548,EAF
4549,EAI
4550,EARN
4551,EAT
4552,EBF
4553,EBR
4554,EBS
4555,EC
4556,ECA
4557,ECC
4558,ECCA
4559,ECCB
4560,ECCX
4561,ECCY
4562,ECL
4563,ECOM
4564,ECR
4565,ECT
4566,ED
4567,EDD
4568,EDF
4569,EDI
4570,EDN
4571,EDR
4572,EDU
4573,EE
4574,EEA
4575,EEP
4576,EEQ
4577,EEX
4578,EFC
4579,EFF
4580,EFL
4581,EFR
4582,EFT
4583,EFX
4584,EGF
4585,EGHT.A
4586,EGIF
4587,EGL
4588,EGN
4589,EGO
4590,EGP
4591,EGY
4592,EHC
4593,EHI
4594,EHIC
4595,EHT
4596,EIG
4597,EIX
4598,EL
4599,ELC
4600,ELF
4601,ELJ
4602,ELLI
4603,ELP
4604,ELS
4605,ELU
4606,ELVT
4607,ELY
4608,EMD
4609,EME
4610,EMES
4611,EMF
4612,EMN
4613,EMO
4614,EMP
4615,EMR
4616,ENB
4617,ENBA
4618,ENBL
4619,ENIA
4620,ENIC
4621,ENJ
4622,ENLC
4623,ENLK
4624,ENO
4625,ENR
4626,ENS
4627,ENV
4628,ENVA
4629,ENZ
4630,EOCC
4631,EOD
4632,EOG
4633,EOI
4634,EOS
4635,EOT
4636,EP.PC
4637,EPAM
4638,EPC
4639,EPD
4640,EPE
4641,EPR
4642,EPR.PC
4643,EPR.PE
4644,EPR.PG
4645,EPRT
4646,EQC
4647,EQC.PD
4648,EQGP
4649,EQH
4650,EQM
4651,EQNR
4652,EQR
4653,EQS
4654,EQT
4655,ERA
4656,ERF
4657,ERJ
4658,EROS
4659,ES
4660,ESE
4661,ESL
4662,ESNT
4663,ESRT
4664,ESS
4665,ESTE
4666,ESV
4667,ETB
4668,ETE
4669,ETG
4670,ETH
4671,ETJ
4672,ETM
4673,ETN
4674,ETO
4675,ETP
4676,ETP.PC
4677,ETR
4678,ETV
4679,ETW
4680,ETX
4681,ETY
4682,EURN
4683,EV
4684,EVA
4685,EVC
4686,EVF
4687,EVG
4688,EVH
4689,EVHC
4690,EVN
4691,EVR
4692,EVRG
4693,EVRI
4694,EVT
4695,EVTC
4696,EW
4697,EXC
4698,EXD
4699,EXG
4700,EXK
4701,EXP
4702,EXPR
4703,EXR
4704,EXTN
4705,EZT
4706,F
4707,FAF
4708,FAM
4709,FBC
4710,FBHS
4711,FBK
4712,FBM
4713,FBP
4714,FBR
4715,FC
4716,FCAU
4717,FCB
4718,FCF
4719,FCFS.A
4720,FCN
4721,FCPT
4722,FCT
4723,FCX
4724,FDC
4725,FDEU
4726,FDP
4727,FDS
4728,FDX
4729,FE
4730,FEDU
4731,FEI
4732,FELP
4733,FENG
4734,FEO
4735,FET
4736,FF
4737,FFA
4738,FFC
4739,FFG
4740,FG
4741,FGB
4742,FGP
4743,FHN
4744,FHN.PA
4745,FI
4746,FICO
4747,FIF
4748,FII
4749,FIS
4750,FIT
4751,FIV
4752,FIX
4753,FL
4754,FLC
4755,FLO
4756,FLOW
4757,FLR
4758,FLS
4759,FLT
4760,FLY
4761,FMC
4762,FMN
4763,FMO
4764,FMS
4765,FMX
4766,FMY
4767,FN
4768,FNB
4769,FNB.PE
4770,FND
4771,FNF
4772,FNV
4773,FOE
4774,FOF
4775,FOR
4776,FPAC
4777,FPF
4778,FPH
4779,FPI
4780,FPI.PB
4781,FPL
4782,FR
4783,FRA
4784,FRAC
4785,FRC
4786,FRC.PD
4787,FRC.PE
4788,FRC.PF
4789,FRC.PG
4790,FRC.PH
4791,FRC.PI
4792,FRO
4793,FRT
4794,FRT.PC
4795,FSB
4796,FSD
4797,FSIC
4798,FSM
4799,FSS
4800,FT
4801,FTAI
4802,FTI
4803,FTK
4804,FTS
4805,FTSI
4806,FTV
4807,FTV.PA
4808,FUL
4809,FUN
4810,G
4811,GAB
4812,GAB.PD
4813,GAB.PG
4814,GAB.PH
4815,GAB.PJ
4816,GAM
4817,GAM.PB
4818,GATX
4819,GBAB
4820,GBL
4821,GBX
4822,GCAP
4823,GCI
4824,GCO
4825,GCP
4826,GCV
4827,GCV.PB
4828,GD
4829,GDDY
4830,GDI
4831,GDL
4832,GDL.PC
4833,GDO
4834,GDOT
4835,GDV
4836,GDV.PA
4837,GDV.PD
4838,GDV.PG
4839,GE
4840,GEF
4841,GEL
4842,GEN
4843,GEO
4844,GER
4845,GES
4846,GF
4847,GFA
4848,GFF
4849,GFI
4850,GFY
4851,GG
4852,GGB
4853,GGG
4854,GGM
4855,GGP
4856,GGP.PA
4857,GGT
4858,GGT.PB
4859,GGT.PE
4860,GGZ
4861,GGZ.PA
4862,GHC
4863,GHG
4864,GHL
4865,GHM
4866,GHY
4867,GIB
4868,GIG
4869,GIL
4870,GIM
4871,GIS
4872,GJH
4873,GJO
4874,GJP
4875,GJR
4876,GJS
4877,GJT
4878,GJV
4879,GKOS
4880,GLOB
4881,GLOG
4882,GLOG.PA
4883,GLOP
4884,GLOP.PA
4885,GLOP.PB
4886,GLP
4887,GLT
4888,GLW
4889,GM
4890,GME
4891,GMED
4892,GMRE
4893,GMRE.PA
4894,GMS
4895,GMTA
4896,GMZ
4897,GNC
4898,GNE
4899,GNE.PA
4900,GNK
4901,GNL
4902,GNL.PA
4903,GNRC
4904,GNT
4905,GNT.PA
4906,GNW
4907,GOF
4908,GOL
4909,GOLF
4910,GOOS
4911,GPC
4912,GPI
4913,GPJA
4914,GPK
4915,GPM
4916,GPMT
4917,GPN
4918,GPRK
4919,GPS
4920,GPT
4921,GPT.PA
4922,GPX
4923,GRA
4924,GRAM
4925,GRC
4926,GRUB
4927,GRX
4928,GRX.PA
4929,GRX.PB
4930,GS
4931,GS.PA
4932,GS.PB
4933,GS.PC
4934,GS.PD
4935,GS.PJ
4936,GS.PK
4937,GS.PN
4938,GSBD
4939,GSH
4940,GSK
4941,GSL
4942,GSL.PB
4943,GTES
4944,GTN
4945,GTS
4946,GTT
4947,GTY
4948,GUT
4949,GUT.PA
4950,GUT.PC
4951,GVA
4952,GWB
4953,GWR
4954,GWRE
4955,GWW
4956,GYB
4957,GYC
4958,GZT
4959,H
4960,HAE
4961,HAL
4962,HASI
4963,HBB
4964,HBI
4965,HBM
4966,HCA
4967,HCC
4968,HCFT
4969,HCFT.PA
4970,HCHC
4971,HCI
4972,HCLP
4973,HCP
4974,HCXZ
4975,HD
4976,HDB
4977,HE
4978,HE.PU
4979,HEI
4980,HEP
4981,HEQ
4982,HES
4983,HES.PA
4984,HESM
4985,HF
4986,HFC
4987,HFRO
4988,HGH
4989,HGT
4990,HGV
4991,HHC
4992,HHS
4993,HI
4994,HIE
4995,HIFR
4996,HIG
4997,HII
4998,HIL
4999,HIO
5000,HIVE
5001,HIW
5002,HIX
5003,HJV
5004,HK
5005,HL
5006,HL.PB
5007,HLF
5008,HLI
5009,HLT
5010,HLX
5011,HMC
5012,HMI
5013,HMLP
5014,HMLP.PA
5015,HMN
5016,HMY
5017,HNI
5018,HNP
5019,HOG
5020,HOME
5021,HON
5022,HOS
5023,HOV
5024,HP
5025,HPE
5026,HPF
5027,HPI
5028,HPP
5029,HPQ
5030,HPR
5031,HPS
5032,HQH
5033,HQL
5034,HR
5035,HRB
5036,HRC
5037,HRG
5038,HRI
5039,HRL
5040,HRS
5041,HRTG
5042,HSBC
5043,HSBC.PA
5044,HSC
5045,HST
5046,HSY
5047,HT
5048,HT.PC
5049,HT.PD
5050,HT.PE
5051,HTA
5052,HTD
5053,HTFA
5054,HTGC
5055,HTGX
5056,HTH
5057,HTY
5058,HTZ
5059,HUBB
5060,HUBS
5061,HUD
5062,HUM
5063,HUN
5064,HUYA
5065,HVT
5066,HXL
5067,HY
5068,HYB
5069,HYI
5070,HYT
5071,HZN
5072,HZO
5073,I
5074,IAE
5075,IAG
5076,IBA
5077,IBM
5078,IBN
5079,IBP
5080,ICD
5081,ICE
5082,ICL
5083,IDA
5084,IDE
5085,IDT
5086,IEX
5087,IFF
5088,IFN
5089,IGA
5090,IGD
5091,IGI
5092,IGR
5093,IGT
5094,IHC
5095,IHD
5096,IHG
5097,IHIT
5098,IHTA
5099,IID
5100,IIF
5101,IIM
5102,IIPR
5103,IIPR.PA
5104,IMAX
5105,INB
5106,INF
5107,INFY
5108,ING
5109,INGR
5110,INN
5111,INN.PD
5112,INN.PE
5113,INSI
5114,INSP
5115,INST
5116,INSW
5117,INSW.PA
5118,INT
5119,INVH
5120,INXN
5121,IO
5122,IP
5123,IPG
5124,IPHI
5125,IPI
5126,IPL.PD
5127,IPOA
5128,IQI
5129,IQV
5130,IR
5131,IRET
5132,IRET.PC
5133,IRL
5134,IRM
5135,IRR
5136,IRS
5137,IRT
5138,ISD
5139,ISF
5140,ISG
5141,IT
5142,ITCB
5143,ITG
5144,ITGR
5145,ITT
5146,ITUB
5147,ITW
5148,IVC
5149,IVH
5150,IVR
5151,IVR.PA
5152,IVR.PB
5153,IVR.PC
5154,IVZ
5155,IX
5156,JAG
5157,JAX
5158,JBGS
5159,JBK
5160,JBL
5161,JBN
5162,JBR
5163,JBT
5164,JCAP
5165,JCAP.PB
5166,JCE
5167,JCI
5168,JCO
5169,JCP
5170,JDD
5171,JE
5172,JE.PA
5173,JEC
5174,JEF
5175,JELD
5176,JEMD
5177,JEQ
5178,JFR
5179,JGH
5180,JHA
5181,JHB
5182,JHD
5183,JHG
5184,JHI
5185,JHS
5186,JHX
5187,JHY
5188,JILL
5189,JKS
5190,JLL
5191,JLS
5192,JMEI
5193,JMF
5194,JMLP
5195,JMM
5196,JMP
5197,JMPB
5198,JMPD
5199,JMT
5200,JNJ
5201,JNPR
5202,JOE
5203,JOF
5204,JONE
5205,JP
5206,JPC
5207,JPI
5208,JPM
5209,JPM.PA
5210,JPM.PB
5211,JPM.PE
5212,JPM.PF
5213,JPM.PG
5214,JPM.PH
5215,JPS
5216,JPT
5217,JQC
5218,JRI
5219,JRO
5220,JRS
5221,JSD
5222,JT
5223,JTA
5224,JTD
5225,JWN
5226,K
5227,KAI
5228,KAMN
5229,KAP
5230,KAR
5231,KB
5232,KBH
5233,KBR
5234,KDMN
5235,KDP
5236,KED
5237,KEG
5238,KEM
5239,KEN
5240,KEP
5241,KEX
5242,KEY
5243,KEY.PI
5244,KEYS
5245,KF
5246,KFS
5247,KFY
5248,KGC
5249,KIM
5250,KIM.PI
5251,KIM.PJ
5252,KIM.PK
5253,KIM.PL
5254,KIM.PM
5255,KIO
5256,KKR
5257,KKR.PA
5258,KKR.PB
5259,KL
5260,KMB
5261,KMF
5262,KMG
5263,KMI
5264,KMI.PA
5265,KMM
5266,KMPA
5267,KMPR
5268,KMT
5269,KMX
5270,KN
5271,KNL
5272,KNOP
5273,KNX
5274,KO
5275,KODK
5276,KOF
5277,KOP
5278,KORS
5279,KOS
5280,KR
5281,KRA
5282,KRC
5283,KREF
5284,KRG
5285,KRO
5286,KRP
5287,KS
5288,KSM
5289,KSS
5290,KST
5291,KSU
5292,KSU.P
5293,KT
5294,KTF
5295,KTH
5296,KTN
5297,KTP
5298,KW
5299,KWR
5300,KYE
5301,KYN
5302,KYN.PF
5303,L
5304,LAC
5305,LAD
5306,LADR
5307,LAZ
5308,LB
5309,LBRT
5310,LC
5311,LCI
5312,LCII
5313,LCM
5314,LDF
5315,LDL
5316,LDOS
5317,LDP
5318,LEA
5319,LEE
5320,LEG
5321,LEJU
5322,LEN
5323,LEO
5324,LFC
5325,LFGR
5326,LGC
5327,LGI
5328,LH
5329,LHC
5330,LHO
5331,LHO.PI
5332,LHO.PJ
5333,LII
5334,LITB
5335,LKM
5336,LKSD
5337,LL
5338,LLL
5339,LLY
5340,LM
5341,LMHA
5342,LMHB
5343,LMT
5344,LN
5345,LNC
5346,LND
5347,LNN
5348,LNT
5349,LOMA
5350,LOR
5351,LOW
5352,LPG
5353,LPI
5354,LPL
5355,LPT
5356,LPX
5357,LRN
5358,LSI
5359,LTC
5360,LTM
5361,LTN
5362,LUB
5363,LUV
5364,LVS
5365,LW
5366,LXFR
5367,LXFT
5368,LXP
5369,LXP.PC
5370,LXU
5371,LYB
5372,LYG
5373,LYV
5374,LZB
5375,M
5376,MA
5377,MAA
5378,MAA.PI
5379,MAC
5380,MAIN
5381,MAN
5382,MANU
5383,MAS
5384,MATX
5385,MAV
5386,MAXR
5387,MBI
5388,MBT
5389,MC
5390,MCA
5391,MCB
5392,MCC
5393,MCD
5394,MCI
5395,MCK
5396,MCN
5397,MCO
5398,MCR
5399,MCRN
5400,MCS
5401,MCV
5402,MCX
5403,MCY
5404,MD
5405,MDC
5406,MDLQ
5407,MDLX
5408,MDLY
5409,MDP
5410,MDR
5411,MDT
5412,MDU
5413,MED
5414,MEI
5415,MEN
5416,MER.PK
5417,MET
5418,MET.PA
5419,MET.PE
5420,MFA
5421,MFA.PB
5422,MFC
5423,MFCB
5424,MFD
5425,MFG
5426,MFGP
5427,MFL
5428,MFM
5429,MFO
5430,MFT
5431,MFV
5432,MG
5433,MGA
5434,MGF
5435,MGM
5436,MGP
5437,MGU
5438,MH.PA
5439,MH.PC
5440,MH.PD
5441,MHD
5442,MHE
5443,MHF
5444,MHI
5445,MHK
5446,MHLA
5447,MHN
5448,MHNC
5449,MHO
5450,MIC
5451,MIE
5452,MIN
5453,MITT
5454,MITT.PA
5455,MITT.PB
5456,MIXT
5457,MIY
5458,MKC
5459,MKL
5460,MLI
5461,MLM
5462,MLP
5463,MLR
5464,MMC
5465,MMD
5466,MMI
5467,MMM
5468,MMP
5469,MMS
5470,MMT
5471,MMU
5472,MN
5473,MNE
5474,MNK
5475,MNP
5476,MNR
5477,MNR.PC
5478,MO
5479,MOD
5480,MODN
5481,MOH
5482,MOS
5483,MOSC
5484,MOV
5485,MP.PD
5486,MPA
5487,MPC
5488,MPLX
5489,MPO
5490,MPV
5491,MPW
5492,MPX
5493,MQT
5494,MQY
5495,MRC
5496,MRK
5497,MRO
5498,MRT
5499,MS
5500,MS.PA
5501,MS.PE
5502,MS.PF
5503,MS.PG
5504,MS.PI
5505,MS.PK
5506,MSA
5507,MSB
5508,MSCI
5509,MSD
5510,MSF
5511,MSG.A
5512,MSGN
5513,MSI
5514,MSL
5515,MSM
5516,MSP
5517,MT
5518,MTB
5519,MTB.P
5520,MTB.PC
5521,MTD
5522,MTDR
5523,MTG
5524,MTH
5525,MTL
5526,MTL.P
5527,MTN
5528,MTOR
5529,MTR
5530,MTRN
5531,MTT
5532,MTW
5533,MTX
5534,MTZ
5535,MUA
5536,MUC
5537,MUE
5538,MUFG
5539,MUH
5540,MUI
5541,MUJ
5542,MUR
5543,MUS
5544,MUSA
5545,MUX
5546,MVC
5547,MVCD
5548,MVF
5549,MVO
5550,MVT
5551,MWA
5552,MX
5553,MXE
5554,MXF
5555,MXL
5556,MYC
5557,MYD
5558,MYE
5559,MYF
5560,MYI
5561,MYJ
5562,MYN
5563,MYOV
5564,MZA
5565,MZF
5566,NAC
5567,NAD
5568,NAN
5569,NAO
5570,NAP
5571,NAT
5572,NAV
5573,NAV.PD
5574,NAZ
5575,NBB
5576,NBD
5577,NBHC
5578,NBL
5579,NBLX
5580,NBR
5581,NBR.PA
5582,NC
5583,NCA
5584,NCB
5585,NCI
5586,NCLH.A
5587,NCR
5588,NCS
5589,NCV
5590,NCZ
5591,NDP
5592,NDRO
5593,NE
5594,NEA
5595,NEE
5596,NEE.PI
5597,NEE.PJ
5598,NEE.PK
5599,NEE.PQ
5600,NEE.PR
5601,NEM
5602,NEP
5603,NETS
5604,NEU
5605,NEV
5606,NEW
5607,NEWM
5608,NEWR
5609,NEXA
5610,NFG
5611,NFJ
5612,NFX
5613,NGG
5614,NGL
5615,NGL.PB
5616,NGLS.PA
5617,NGS
5618,NGVC
5619,NGVT
5620,NHA
5621,NHF
5622,NHI
5623,NI
5624,NID
5625,NIE
5626,NIM
5627,NINE
5628,NIQ
5629,NJR
5630,NJV
5631,NKE
5632,NKG
5633,NKX
5634,NL
5635,NLS
5636,NLSN
5637,NLY
5638,NLY.PC
5639,NLY.PD
5640,NLY.PF
5641,NLY.PG
5642,NM
5643,NM.PG
5644,NM.PH
5645,NMFC
5646,NMI
5647,NMK.PB
5648,NMK.PC
5649,NMM
5650,NMR
5651,NMS
5652,NMT
5653,NMY
5654,NMZ
5655,NNA
5656,NNC
5657,NNI
5658,NNN
5659,NNN.PE
5660,NNN.PF
5661,NNY
5662,NOA
5663,NOAH
5664,NOC
5665,NOK
5666,NOM
5667,NOMD
5668,NOV
5669,NOW
5670,NP
5671,NPK
5672,NPN
5673,NPO
5674,NPTN
5675,NPV
5676,NQP
5677,NR
5678,NRE
5679,NRG
5680,NRK
5681,NRP
5682,NRT
5683,NRZ
5684,NS
5685,NS.PA
5686,NS.PB
5687,NS.PC
5688,NSA
5689,NSA.PA
5690,NSC
5691,NSH
5692,NSL
5693,NSM
5694,NSP
5695,NSS
5696,NTB
5697,NTC
5698,NTEST
5699,NTG
5700,NTP
5701,NTR
5702,NTX
5703,NTZ
5704,NUE
5705,NUM
5706,NUO
5707,NUS
5708,NUV
5709,NUW
5710,NVG
5711,NVGS
5712,NVO
5713,NVR
5714,NVRO
5715,NVS
5716,NVT
5717,NVTA
5718,NWE
5719,NWHM
5720,NWL
5721,NWN
5722,NWY
5723,NX
5724,NXC
5725,NXJ
5726,NXN
5727,NXP
5728,NXQ
5729,NXR
5730,NXRT
5731,NYCB
5732,NYCB.PA
5733,NYCB.PU
5734,NYLD
5735,NYRT
5736,NYT
5737,NYV
5738,NZF
5739,O
5740,OAK
5741,OAK.PA
5742,OAS
5743,OBE
5744,OC
5745,OCIP
5746,OCN
5747,ODC
5748,OEC
5749,OFC
5750,OFG
5751,OFG.PA
5752,OFG.PB
5753,OFG.PD
5754,OGE
5755,OGS
5756,OHI
5757,OI
5758,OIA
5759,OII
5760,OIS
5761,OKE
5762,OLN
5763,OLP
5764,OMAD
5765,OMC
5766,OMF
5767,OMI
5768,OMN
5769,OMP
5770,ONDK
5771,ONE
5772,OOMA
5773,OPP
5774,OPY
5775,OR
5776,ORA
5777,ORAN
5778,ORC
5779,ORCL
5780,ORI
5781,ORN
5782,OSB
5783,OSG
5784,OSK
5785,OSLE
5786,OUT
5787,OXM
5788,OXY
5789,OZM
5790,P
5791,PAA
5792,PAC
5793,PAG
5794,PAGP
5795,PAGS
5796,PAH
5797,PAI
5798,PAM
5799,PANW
5800,PAR
5801,PARR
5802,PAY
5803,PAYC
5804,PB
5805,PBA
5806,PBB
5807,PBF
5808,PBFX
5809,PBH
5810,PBI
5811,PBI.PB
5812,PBR
5813,PBT
5814,PBY
5815,PCF
5816,PCG
5817,PCI
5818,PCK
5819,PCM
5820,PCN
5821,PCQ
5822,PDI
5823,PDM
5824,PDS
5825,PDT
5826,PE
5827,PEB
5828,PEB.PC
5829,PEB.PD
5830,PEG
5831,PEI
5832,PEI.PB
5833,PEI.PC
5834,PEI.PD
5835,PEN
5836,PEO
5837,PER
5838,PES
5839,PF
5840,PFD
5841,PFE
5842,PFGC
5843,PFH
5844,PFL
5845,PFN
5846,PFO
5847,PFS
5848,PFSI
5849,PG
5850,PGP
5851,PGR
5852,PGRE
5853,PGTI.A
5854,PGZ
5855,PH
5856,PHD
5857,PHG
5858,PHH
5859,PHI
5860,PHK
5861,PHM
5862,PHT
5863,PHX
5864,PII
5865,PIM
5866,PIR
5867,PIY
5868,PJC
5869,PJH
5870,PJT
5871,PK
5872,PKD
5873,PKE
5874,PKG
5875,PKI
5876,PKO
5877,PKX
5878,PLD
5879,PLNT
5880,PLOW
5881,PLT
5882,PM
5883,PMF
5884,PML
5885,PMM
5886,PMO
5887,PMT
5888,PMT.PA
5889,PMT.PB
5890,PMX
5891,PNC
5892,PNC.PP
5893,PNC.PQ
5894,PNF
5895,PNI
5896,PNM
5897,PNR
5898,PNW
5899,POL
5900,POR
5901,POST
5902,PPDF
5903,PPG
5904,PPL
5905,PPR
5906,PPT
5907,PPX
5908,PQG
5909,PRA
5910,PRE.PF
5911,PRE.PG
5912,PRE.PH
5913,PRE.PI
5914,PRGO
5915,PRH
5916,PRI
5917,PRIF.PA
5918,PRLB
5919,PRO
5920,PRSP
5921,PRT
5922,PRTY
5923,PRU
5924,PSA
5925,PSA.PA
5926,PSA.PB
5927,PSA.PC
5928,PSA.PD
5929,PSA.PE
5930,PSA.PF
5931,PSA.PG
5932,PSA.PU
5933,PSA.PV
5934,PSA.PW
5935,PSA.PX
5936,PSA.PY
5937,PSA.PZ
5938,PSB
5939,PSB.PU
5940,PSB.PV
5941,PSB.PW
5942,PSB.PX
5943,PSB.PY
5944,PSF
5945,PSO
5946,PSTG
5947,PSX
5948,PSXP
5949,PTR
5950,PTY
5951,PUK
5952,PUK.P
5953,PUK.PA
5954,PUMP
5955,PVG
5956,PVH
5957,PVTL
5958,PWR
5959,PX
5960,PXD
5961,PYN
5962,PYS
5963,PYT
5964,PZC
5965,PZN
5966,QCP
5967,QD
5968,QEP
5969,QES
5970,QGEN.A
5971,QHC
5972,QSR
5973,QTM
5974,QTS
5975,QTS.PA
5976,QTS.PB
5977,QTWO
5978,QUAD
5979,QUOT
5980,R
5981,RA
5982,RACE
5983,RAD
5984,RBA
5985,RBC
5986,RBS
5987,RBS.PS
5988,RCI
5989,RCL
5990,RCS
5991,RCUS
5992,RDC
5993,RDN
5994,RDY
5995,RE
5996,REG
5997,RELX
5998,REN
5999,RENN
6000,RENX
6001,RES
6002,RESI
6003,REV
6004,REVG
6005,REX
6006,REXR
6007,REXR.PA
6008,REXR.PB
6009,RF
6010,RF.PA
6011,RF.PB
6012,RFI
6013,RFP
6014,RGA
6015,RGR
6016,RGS
6017,RGT
6018,RH
6019,RHI
6020,RHP
6021,RHT
6022,RIG
6023,RIO
6024,RIV
6025,RJF
6026,RL
6027,RLGY
6028,RLH
6029,RLI
6030,RLJ
6031,RLJ.PA
6032,RM
6033,RMAX
6034,RMD
6035,RMP
6036,RMPL.P
6037,RMT
6038,RNG
6039,RNGR
6040,RNP
6041,RNR
6042,RNR.PC
6043,RNR.PE
6044,RNR.PF
6045,ROG
6046,ROK
6047,ROL
6048,ROP
6049,ROYT
6050,RPAI
6051,RPM
6052,RPT
6053,RPT.PD
6054,RQI
6055,RRC
6056,RRD.A
6057,RRTS
6058,RS
6059,RSG
6060,RSPP
6061,RST
6062,RTEC
6063,RTN
6064,RUBI
6065,RVI
6066,RVT
6067,RWGE
6068,RWT
6069,RXN
6070,RXN.PA
6071,RY
6072,RY.PT
6073,RYAM
6074,RYAM.PA
6075,RYB
6076,RYI
6077,RYN
6078,RZA
6079,RZB
6080,S
6081,SA
6082,SAB
6083,SAFE
6084,SAH
6085,SAIC
6086,SAIL
6087,SALT
6088,SAM
6089,SAN
6090,SAN.PB
6091,SAP
6092,SAR
6093,SAVE.A
6094,SB
6095,SB.PC
6096,SB.PD
6097,SBBC
6098,SBGL
6099,SBH
6100,SBI
6101,SBNA
6102,SBOW
6103,SBR
6104,SBS
6105,SC
6106,SCA
6107,SCCO
6108,SCD
6109,SCE.PG
6110,SCE.PH
6111,SCE.PJ
6112,SCE.PK
6113,SCE.PL
6114,SCG
6115,SCHW
6116,SCHW.PC
6117,SCHW.PD
6118,SCI
6119,SCL
6120,SCM
6121,SCS
6122,SCX
6123,SD
6124,SDLP
6125,SDR
6126,SDRL
6127,SDT
6128,SE
6129,SEAS
6130,SEE
6131,SEM
6132,SEMG
6133,SEND
6134,SEP
6135,SERV
6136,SF
6137,SF.PA
6138,SFB
6139,SFE
6140,SFL
6141,SFS
6142,SFUN
6143,SGU
6144,SGZA
6145,SHAK
6146,SHG
6147,SHI
6148,SHLX
6149,SHO
6150,SHO.PE
6151,SHO.PF
6152,SHOP
6153,SHW
6154,SID
6155,SIG
6156,SITE
6157,SIX
6158,SJI
6159,SJIU
6160,SJM
6161,SJR
6162,SJT
6163,SJW
6164,SKM
6165,SKT
6166,SKX
6167,SKY
6168,SLB
6169,SLCA
6170,SLD
6171,SLDA
6172,SLDD
6173,SLF
6174,SLG
6175,SLG.PI
6176,SLTB
6177,SM
6178,SMAR
6179,SMFG
6180,SMG
6181,SMHI
6182,SMI
6183,SMLP
6184,SMM
6185,SMP
6186,SMTA
6187,SN
6188,SNA
6189,SNAP
6190,SNDR
6191,SNE
6192,SNN
6193,SNP
6194,SNR
6195,SNV
6196,SNV.PD
6197,SNX
6198,SNY
6199,SO
6200,SOGO
6201,SOI
6202,SOJA
6203,SOJB
6204,SOJC
6205,SOL
6206,SON
6207,SOR
6208,SPA
6209,SPB
6210,SPE
6211,SPE.PB
6212,SPG
6213,SPG.PJ
6214,SPGI
6215,SPH
6216,SPLP
6217,SPLP.PA
6218,SPN
6219,SPOT
6220,SPR
6221,SPXC
6222,SPXX
6223,SQ
6224,SQM
6225,SQNS
6226,SR
6227,SRC
6228,SRC.PA
6229,SRE
6230,SRE.PA
6231,SRF
6232,SRG
6233,SRG.PA
6234,SRI
6235,SRLP
6236,SRT
6237,SRV
6238,SSD
6239,SSI
6240,SSL
6241,SSTK
6242,SSW
6243,SSW.PD
6244,SSW.PE
6245,SSW.PG
6246,SSW.PH
6247,SSWA
6248,SSWN
6249,ST
6250,STAG
6251,STAG.PC
6252,STAR
6253,STAR.PD
6254,STAR.PG
6255,STAR.PI
6256,STC
6257,STE
6258,STG
6259,STI
6260,STI.PA
6261,STK
6262,STL
6263,STL.PA
6264,STM
6265,STN
6266,STNG
6267,STON
6268,STOR
6269,STT
6270,STT.PC
6271,STT.PD
6272,STT.PE
6273,STT.PG
6274,STWD
6275,STZ
6276,SU
6277,SUI
6278,SUM
6279,SUN
6280,SUP
6281,SUPV
6282,SVU
6283,SWCH
6284,SWJ
6285,SWK
6286,SWM
6287,SWN
6288,SWP
6289,SWX
6290,SWZ
6291,SXC
6292,SXCP
6293,SXE
6294,SXI
6295,SXT
6296,SYF
6297,SYK
6298,SYX
6299,SYY
6300,SZC
6301,T
6302,TAC
6303,TAHO
6304,TAL
6305,TALO
6306,TAP
6307,TARO
6308,TBB
6309,TBI
6310,TCAP
6311,TCCA
6312,TCCB
6313,TCF
6314,TCF.PD
6315,TCI
6316,TCO
6317,TCO.PJ
6318,TCO.PK
6319,TCP
6320,TCRX
6321,TCRZ
6322,TCS
6323,TD
6324,TDA
6325,TDC
6326,TDE
6327,TDF
6328,TDG
6329,TDI
6330,TDJ
6331,TDOC
6332,TDS
6333,TDW
6334,TDY
6335,TECK
6336,TEF
6337,TEI
6338,TEL
6339,TEN
6340,TEO
6341,TER
6342,TEVA
6343,TEX
6344,TFX
6345,TG
6346,TGE
6347,TGH
6348,TGI
6349,TGNA
6350,TGP
6351,TGP.PA
6352,TGP.PB
6353,TGS
6354,TGT
6355,THC
6356,THG
6357,THGA
6358,THO
6359,THQ
6360,THR
6361,THS
6362,THW
6363,TI
6364,TIER
6365,TIF
6366,TISI
6367,TJX
6368,TK
6369,TKC
6370,TKR
6371,TLI
6372,TLK
6373,TLP
6374,TLRA
6375,TLRD
6376,TLYS
6377,TM
6378,TMHC
6379,TMK
6380,TMK.PC
6381,TMO
6382,TMST
6383,TNC
6384,TNET
6385,TNK
6386,TNP
6387,TNP.PB
6388,TNP.PC
6389,TNP.PD
6390,TNP.PE
6391,TNP.PF
6392,TOL
6393,TOO
6394,TOO.PA
6395,TOO.PB
6396,TOO.PE
6397,TOT
6398,TOWR
6399,TPB
6400,TPC
6401,TPGE
6402,TPGH
6403,TPH
6404,TPL
6405,TPR
6406,TPRE
6407,TPVG
6408,TPVY
6409,TPX
6410,TPZ
6411,TR
6412,TRC
6413,TRCO
6414,TREC
6415,TREX
6416,TRGP
6417,TRI
6418,TRK
6419,TRN
6420,TRNO
6421,TROX
6422,TRP
6423,TRQ
6424,TRTN
6425,TRTX
6426,TRU
6427,TRV
6428,TS
6429,TSE
6430,TSI
6431,TSLF
6432,TSLX
6433,TSM
6434,TSN
6435,TSQ
6436,TSS
6437,TSU
6438,TTC
6439,TTI
6440,TTM
6441,TTP
6442,TU
6443,TUP
6444,TV
6445,TVC
6446,TVE
6447,TVPT
6448,TWI
6449,TWLO
6450,TWN
6451,TWO
6452,TWO.PA
6453,TWO.PB
6454,TWO.PC
6455,TWTR
6456,TX
6457,TXT
6458,TY
6459,TY.P
6460,TYG
6461,TYL
6462,UA
6463,UAA
6464,UAL
6465,UAN
6466,UBA
6467,UBP
6468,UBP.PG
6469,UBP.PH
6470,UBS
6471,UDR
6472,UE
6473,UFI
6474,UFS
6475,UGI
6476,UGP
6477,UHS
6478,UHT
6479,UIS
6480,UL
6481,UMC
6482,UMH
6483,UMH.PB
6484,UMH.PC
6485,UMH.PD
6486,UN
6487,UNF
6488,UNH
6489,UNM
6490,UNMA
6491,UNP
6492,UNT
6493,UNVR
6494,UPS
6495,URI
6496,USA
6497,USAC
6498,USB
6499,USB.PA
6500,USB.PH
6501,USB.PM
6502,USB.PO
6503,USDP
6504,USFD
6505,USG
6506,USM
6507,USNA
6508,USPH
6509,USX
6510,UTF
6511,UTI
6512,UTL
6513,UTX
6514,UVE
6515,UVV
6516,UZA
6517,UZB
6518,UZC
6519,V
6520,VAC
6521,VALE
6522,VAM
6523,VAR
6524,VBF
6525,VCRA
6526,VCV
6527,VEC
6528,VEDL
6529,VEEV
6530,VER
6531,VER.PF
6532,VET
6533,VFC
6534,VG
6535,VGI
6536,VGM
6537,VGR
6538,VHI
6539,VICI
6540,VIPS
6541,VIV
6542,VJET
6543,VKQ
6544,VLO
6545,VLP
6546,VLRS
6547,VLT
6548,VLY
6549,VLY.PA
6550,VLY.PB
6551,VMC
6552,VMI
6553,VMO
6554,VMW
6555,VNCE
6556,VNE
6557,VNO
6558,VNO.PK
6559,VNO.PL
6560,VNO.PM
6561,VNTR
6562,VOC
6563,VOYA
6564,VPG
6565,VPV
6566,VR
6567,VR.PA
6568,VR.PB
6569,VRS
6570,VRTV
6571,VRX
6572,VSH
6573,VSI
6574,VSLR
6575,VSM
6576,VST
6577,VSTO
6578,VTA
6579,VTN
6580,VTR
6581,VTRB
6582,VVC
6583,VVI
6584,VVR
6585,VVV
6586,VZ
6587,VZA
6588,W
6589,WAAS
6590,WAB
6591,WAGE
6592,WAIR
6593,WAL
6594,WALA
6595,WAT
6596,WBAI
6597,WBC
6598,WBK
6599,WBS
6600,WBS.PF
6601,WBT
6602,WCC
6603,WCG
6604,WCN
6605,WD
6606,WDR
6607,WEA
6608,WEC
6609,WELL
6610,WELL.PI
6611,WES
6612,WEX
6613,WF
6614,WFC
6615,WFC.PJ
6616,WFC.PL
6617,WFC.PN
6618,WFC.PO
6619,WFC.PP
6620,WFC.PQ
6621,WFC.PR
6622,WFC.PT
6623,WFC.PV
6624,WFC.PW
6625,WFC.PX
6626,WFC.PY
6627,WFE.PA
6628,WFT
6629,WGO
6630,WGP
6631,WH
6632,WHD
6633,WHG
6634,WHR
6635,WIA
6636,WIT
6637,WIW
6638,WK
6639,WLH
6640,WLK
6641,WLKP
6642,WLL
6643,WM
6644,WMB
6645,WMC
6646,WMK
6647,WMLP
6648,WMS
6649,WMT
6650,WNC
6651,WNS
6652,WOR
6653,WOW
6654,WP
6655,WPC
6656,WPG
6657,WPG.PH
6658,WPG.PI
6659,WPM
6660,WPP
6661,WPX
6662,WPXP
6663,WPZ
6664,WRB
6665,WRB.PB
6666,WRB.PC
6667,WRB.PD
6668,WRB.PE
6669,WRD
6670,WRE
6671,WRI
6672,WRK
6673,WSM
6674,WSO
6675,WSR
6676,WST
6677,WTI
6678,WTM
6679,WTR
6680,WTS
6681,WTTR
6682,WTW
6683,WU
6684,WUBA
6685,WWE
6686,WWW
6687,WY
6688,WYND
6689,X
6690,XAN
6691,XAN.PC
6692,XEC
6693,XFLT
6694,XHR
6695,XIN
6696,XL
6697,XOM
6698,XON
6699,XOXO
6700,XPO
6701,XRF
6702,XRM
6703,XRX
6704,XYL
6705,Y
6706,YELP
6707,YEXT
6708,YPF
6709,YRD
6710,YUM
6711,YUMC
6712,ZAYO
6713,ZB.PA
6714,ZB.PG
6715,ZB.PH
6716,ZBH
6717,ZBK
6718,ZEN
6719,ZF
6720,ZNH
6721,ZOES
6722,ZTO
6723,ZTR
6724,ZTS
6725,ZUO
6726,ZYME
